mx_standard,my_standard,mz_standard,r_2_standard
-6.96163552748342e-13,-3.898476341350479e-12,-2.7005943908406453e-12,0.797663594459044
-2.981046946411069e-13,-2.554648253166118e-13,1.359790044633664e-12,0.868995193682221
-3.0689084969704026e-12,-2.036406636319762e-12,-2.5856441573009516e-12,0.9076692373110812
4.401040265976899e-12,6.29631485049066e-14,-1.5495053912729397e-12,0.6117451415610604
-8.205518879008378e-13,1.0226845739234693e-12,-7.591268841593436e-13,0.9358959961688533
1.6863544337183777e-13,1.3720098015879796e-12,-6.246707563972357e-13,0.20715174708817785
2.6299152542952935e-12,-2.3797014932549093e-12,3.417625660974661e-13,0.9506728681902217
-2.8066885715871207e-12,-3.2603918352852306e-12,-8.081216827082468e-13,0.9798236544174881
-1.988303738254007e-12,-3.698817363758654e-12,-1.5648530236274538e-12,0.8303152241264089
-7.98033835299157e-13,3.7834241342049826e-12,-1.0824092958945718e-12,0.9496874630225004
2.4521879798748754e-12,-9.192147390679948e-13,-3.096208383725027e-12,0.8236747806163442
-3.2228519050368034e-12,5.32000070382914e-13,-2.4260422736944648e-12,0.665379814967541
1.0151772129182447e-12,1.1875063696600834e-12,-5.138094375885234e-13,0.07089664494085901
2.015850441442009e-12,7.333781247434201e-13,-2.224467548921313e-12,0.6828227413536907
-7.44315007389819e-13,5.2789056045542715e-12,1.4054891741912583e-12,0.9624110422124357
8.125801646606382e-13,1.1813097062181483e-12,1.6720772407928447e-13,0.8912789570026769
-1.232989160804724e-12,-1.077515687801005e-12,-9.3660664201415e-13,0.8836017140489151
-1.4244023798170241e-12,-1.2518592366985289e-12,3.690729949280163e-14,0.2681633406166124
-1.6989955985547515e-12,-1.022372235277412e-12,-8.27551263520276e-13,0.9561279509362302
1.5928694249993949e-12,2.94259532150302e-13,1.7757361455717133e-12,0.9383973573681579
9.311376634358162e-13,1.997649592202545e-12,-1.535215711385655e-12,0.8367652428146557
-1.9940606638724753e-12,-2.0405863541911656e-12,-1.3205000773234279e-12,0.6470141178294148
6.01413543090479e-13,1.7485341030010518e-12,-2.7958922641359227e-12,0.8931736417237253
-1.9205225297786117e-12,1.7672088112277118e-12,-1.6744025517810526e-12,0.6550033359190892
2.439777338898903e-12,1.4523619888014282e-12,-1.0655467515642003e-12,0.9481372575357051
3.399279637145963e-12,-1.9312531623762817e-12,1.2273509700081556e-15,0.5563508063935265
4.829481571121671e-13,-8.154523558691614e-12,1.230361945428352e-13,0.8513138260670969
-2.6931303249795117e-13,-8.725841445761874e-13,-9.001168218384774e-13,0.5656911904354238
3.504384234487119e-13,-1.6633836893780886e-12,5.521572341140623e-13,0.37279957133487884
-3.4941482449829846e-12,-1.164094282290827e-12,4.869947183386212e-13,0.904601175248874
1.3366951672079378e-12,-3.6195391643398135e-13,1.3420034253317339e-12,0.695487355989437
2.0188448256317912e-13,-8.144332192690694e-13,-8.998233821023155e-13,0.8491655399532296
-5.146776409488574e-13,-3.758020611179296e-13,1.0426197821309235e-12,0.008369423710242074
-5.940025412359462e-13,-5.729540613521168e-14,6.740923947372766e-14,0.06762855814008406
-4.102461433106541e-12,2.4320265507783036e-12,3.164906465501766e-13,0.8914128148959035
2.7898883353009874e-12,2.352568226475723e-12,2.0528147150093357e-13,0.9125655369121369
6.226805952921715e-13,9.51647448951645e-13,1.0210815160552015e-12,0.8347713830430061
1.2086483034386348e-12,1.0054752962595811e-12,-2.615823168135439e-12,0.9532038679375703
2.014459614846985e-12,2.4752687051690778e-12,1.321094558502113e-12,0.45399485300654485
8.157454345590134e-13,2.730649806964153e-12,1.257620723829072e-12,0.668747426554819
-1.5700257766480432e-12,-5.315286273792812e-13,1.2008756339447732e-13,0.30155541001975206
-1.4193556930624752e-12,-2.168934259371394e-13,1.0176773897626882e-12,0.9688491184323069
3.3057739371742663e-13,7.99605215476786e-12,6.426420846977772e-13,0.7946304885588903
1.9014634600469865e-13,-1.0686342486249288e-12,-1.6523601563384971e-12,0.9381032682730939
2.7063351246301546e-13,-2.155004852990188e-12,2.1873492884414452e-13,0.9251701051004549
2.2001737317224133e-12,-1.9012879898615634e-12,-8.348962483063867e-13,0.8963523171360701
7.191200581734551e-12,-5.435724230212444e-12,1.960210188424215e-12,0.3487813487664282
-6.466240445429845e-12,-5.356713810282923e-12,-6.7526064654732945e-12,0.8777722562029326
2.664175569085106e-12,8.958683612882735e-13,-2.733661849827896e-12,0.8281365521446944
-8.288109744459894e-13,-9.850981349787776e-13,-1.2478560731877324e-12,0.789254389095951
6.393167404409254e-12,1.7865723834873308e-12,6.731624102679002e-12,0.8460379793993072
-7.937409775020769e-13,3.197018091242476e-12,5.346042506619022e-13,0.7854829363069953
2.1666558369224858e-12,-2.476304390236094e-13,-1.2525437496327855e-12,0.616598635474405
-1.4659301208770579e-12,2.540579263938171e-12,-6.0994189215770604e-12,0.9439946182643048
2.169648988973261e-12,-3.327077285193922e-12,-7.948670032741875e-13,0.7940753534977646
-4.486822765263115e-12,-1.9733506577236146e-12,-1.7497749101305853e-12,0.8405586301304437
6.768501745950704e-12,-3.5192269874395977e-12,5.999817061865122e-13,0.672038846033989
-6.931763800357553e-13,-9.59484628308273e-13,5.025002139685129e-13,0.7258055313395344
1.0076910763757007e-12,-3.367958584688632e-12,3.086898078629282e-12,0.8665078124373726
1.2403460918628561e-12,-8.497843404552815e-13,4.253035681771121e-13,0.8393563924527864
-2.1989201677186217e-12,-3.4761205666513407e-12,6.523303274454096e-13,0.6490545157283873
-2.6352003988898297e-12,-5.072920363203814e-13,1.1181878786723227e-12,0.430594507259384
-8.241849390809656e-13,2.8588933049281235e-13,5.570866870123665e-13,0.8855139000116563
2.1045615995387484e-13,-9.812070678343877e-13,-5.281843867580101e-14,0.35588188288976064
1.8501524459102047e-13,-2.5986206199185197e-12,-6.193053704457702e-13,0.6021824275521392
1.0003196711923096e-11,6.186844046188987e-12,-3.838771930282747e-12,0.8676034000350625
-1.2856668328044504e-12,8.71749644940389e-13,1.33512596974309e-12,0.8151369469723372
1.7356898116698203e-11,-7.300581974710555e-12,-5.16759847038849e-12,0.9262829126814798
-1.1392053750625122e-12,5.4776556309656566e-14,-9.999512038622563e-14,0.7552430521011126
3.2202650759961997e-12,-2.2447233935482627e-12,1.969770553862341e-12,0.8644867511662793
-1.51315776279025e-12,-1.4028124681812664e-12,1.1320914828929959e-12,0.7395583305720896
-8.978789061538174e-13,-6.696497684468584e-13,1.5397530218037701e-13,0.83926004943481
-1.2057837113415027e-12,-4.476952240448549e-13,3.3786858429422553e-13,0.5807866466058287
5.226862273667591e-12,6.747080199798788e-13,-4.299768549192498e-12,0.9207603520150874
3.1821007977919977e-12,3.0164541818922035e-12,-8.927952539802144e-13,0.7136452386909233
-1.4765503827047106e-12,5.844571688510161e-13,1.1736170388535778e-12,0.5699202227802675
3.157091762006268e-13,1.055201271746802e-12,3.2409770727334615e-13,0.977284712759479
-2.9014134563208536e-12,1.2269086308388437e-12,8.037435435243591e-13,0.8984310119169978
-1.2956382039780363e-11,-1.317959292651037e-11,4.676137741033324e-12,0.6991409361733891
5.3660689551882745e-14,7.684887326210037e-13,2.9697193813886106e-13,0.8788006713357482
6.019096430162363e-13,-8.909734218534472e-14,-1.158829820894414e-12,0.8540441006104524
2.6690100191889417e-12,-9.050015971292907e-12,-1.7520227229326616e-12,0.6666974761593211
-1.1404474269159952e-12,-5.629378579459394e-13,-2.941856910484904e-12,0.5589958028753905
7.648788672594599e-13,-5.266301544663418e-12,-1.9545479284712376e-12,0.791077500609453
2.5373045335799005e-12,-2.8649795570056017e-12,-1.087723099523429e-12,0.052238735964314054
5.473045282094203e-12,1.7057577470661328e-15,5.110939137564339e-13,0.7573468595899607
1.1490335956680146e-13,2.968097259189311e-13,-1.2130339409425736e-12,0.8532339406631817
-5.0633792629191e-13,1.6337797290728449e-12,-1.0672493374765553e-12,0.8180385155250967
-4.113906192849182e-13,1.7200021725724228e-12,-1.377991703473056e-13,0.7584575312496653
-8.500646586794635e-12,2.0910273932511072e-12,2.0920784530047283e-12,0.596446008753219
2.2544948834175535e-12,-7.273118482598321e-13,9.190847647244225e-14,0.5052839640310811
1.7050318627687064e-12,4.2153335171039407e-13,1.5577956472226482e-12,0.8367768436050818
6.694786520904833e-13,-3.855292722738458e-12,2.5320479020668987e-13,0.35142719914086307
2.4032036247609607e-12,-1.3279388155761905e-13,-6.565460748984597e-13,0.9544270248231688
-6.609321697792828e-13,-5.030910399064707e-12,4.4040091095673007e-13,0.8465539108736303
1.8783532410360507e-12,9.327493466987984e-13,-2.82017811293024e-13,0.700419457302394
2.7761072609749947e-13,6.252313718908122e-13,-9.976824016348896e-13,0.7448310748533669
-1.6837209309981249e-12,-4.776232714995954e-13,4.847166861655336e-13,0.9074136241193262
1.0276763444341321e-12,-5.867620131480137e-13,9.772072146172878e-13,0.8501417570400766
5.773148938323061e-13,4.3829281023389333e-13,-2.318805659187969e-13,0.6595371140293826
1.1096488007473093e-13,-1.60793826920829e-12,-1.7625259980354394e-13,0.6070945733554942
-1.0880069388099324e-12,1.0004003581142955e-12,1.631874923808439e-12,0.8542997732119908
1.0158875418609455e-12,-1.9238865413513156e-12,-6.762702491858665e-14,0.5856977176528753
-4.027050330410183e-13,-3.645830378721553e-13,2.080322400101818e-13,0.6127862385280238
-9.893266070673217e-13,-1.902809380581427e-13,3.705978364222007e-13,0.7851213572524083
4.301282414684737e-13,2.4337796142015823e-12,-5.21441800045689e-14,0.7970910886324273
4.0195210117719676e-12,-2.8095883060532643e-12,-1.8243067677291063e-12,0.46865812526137995
4.89543391918738e-12,-4.119045907495249e-13,-2.1505905859446694e-12,0.7861016883870691
3.3211758790439865e-12,-1.451307122851065e-12,2.0482262589150706e-13,0.639742145302757
1.4350051091288626e-13,-1.1932684128827168e-12,-3.56152570845199e-13,0.9193649944084851
-2.970432479313812e-12,2.40333140631941e-12,-7.041756148121426e-13,0.8033331998507309
8.582027172661172e-13,9.444409841028701e-13,1.1230171224369303e-12,0.06348765177219085
-6.017791798892814e-12,-5.865621025892537e-13,2.414221169779348e-12,0.8312761340663102
5.698234056094412e-13,3.8062872785702386e-13,-8.406437362245672e-13,0.8115610251414649
4.081368884767229e-13,2.3256404031225255e-13,-7.059349744385627e-13,0.7751967612757856
-1.3915733129970404e-12,-2.3391256321952227e-12,-1.8765140681844227e-12,0.9336456225177547
-2.300028983209529e-13,1.007503501889035e-12,-2.9844837033904604e-13,0.6990113109772321
2.566562817645526e-12,6.972186879600985e-13,-2.823714968866152e-13,0.7464398780987254
6.327050320969045e-13,7.059317022242904e-13,1.4608921359972243e-12,0.7920659975060889
4.759243033231431e-13,-1.437153272802246e-12,-7.442778581795809e-14,0.8502887655477059
8.790610399234118e-14,7.672919774412046e-13,-7.752536768407702e-13,0.35572150788361645
-3.9275471764166306e-12,1.8503523760363e-12,8.664411629370677e-13,0.4456133798558922
-3.4230029095630414e-12,-6.9929278173235306e-12,-5.999165104899695e-13,0.1266967575749337
-9.52143597363479e-13,-2.6859945655668934e-12,3.3099723306369116e-13,0.9443448047429732
2.093961101681246e-13,6.023666633299476e-13,-8.326586690462247e-13,0.6738127838227623
1.1424575235005e-12,-4.714788127059115e-12,1.907893224635806e-12,0.7843446763716098
-1.4733924105259604e-12,5.023934865968444e-13,-6.725489992554763e-13,0.9334905862938009
-2.8162423948611296e-14,-4.032189718953917e-12,-2.5905551980411855e-13,0.6244516902806184
-3.865769596422035e-13,-2.7323984471983263e-13,8.065267092134514e-13,0.7271952902836576
-2.567301667103913e-12,-2.27617727929756e-13,9.087249554197368e-14,0.8045858186740165
5.86793741112324e-12,9.91881931980855e-13,1.523870202380211e-13,0.7552867393897618
2.4557547088759365e-13,-5.095075496277111e-13,1.3418174586517241e-12,0.9179874225422407
-3.384088023840213e-14,-6.783390902117412e-13,-1.5056301843591149e-12,0.8594894799691237
3.0546400308781835e-13,-8.409159090532909e-12,-3.4765438274622766e-12,0.7374318860193206
-1.0556746067495936e-12,-1.9026722486529125e-13,2.894854616262578e-13,0.9486315042736971
-2.5785021020436426e-13,-2.796339345792226e-12,4.767055294474899e-13,0.6851825619076448
-2.6587506189553023e-12,-1.2462834151108078e-12,-7.027799634882175e-13,0.6796420021705811
-1.6127229653265094e-13,-9.156455868783656e-13,3.222853450159595e-14,0.8384177946311753
-1.6317449958031723e-12,-2.1988574112503735e-12,-2.6035944085678045e-13,0.8497164696812307
-4.4125523841652915e-13,6.663751202027893e-13,6.542123660973156e-13,0.881923810232104
-3.741171844108009e-14,-5.445337934758346e-13,1.0937355386147915e-12,0.164018378377651
-2.507408852052213e-12,5.426157120481674e-12,-3.007599804908563e-12,0.6373405982399911
-6.485552179001972e-13,4.097931244040699e-13,-2.4823030531656633e-13,0.9474246856990872
6.963976587894197e-13,1.2557270903230964e-12,1.4885295012142131e-12,0.7136327618725644
-2.090890895963792e-12,-5.942787425055261e-13,-4.718406170372777e-13,0.5600557987532759
-4.611203317126379e-12,2.2676115368008393e-12,2.8710898928496185e-12,0.8830352739945799
-1.7022571852199748e-12,-1.2282952882131672e-12,-6.098865707033563e-14,0.957523331187051
-5.80180310504487e-13,-3.420722168593951e-13,-3.200795810322064e-13,0.3222581654174441
-2.755409593724748e-13,-6.555869779329759e-14,-8.695114581487826e-13,0.8478615146243771
9.115417506060782e-12,-8.819327568224942e-13,-1.6011571566186802e-12,0.951763286640612
-1.6140305262476324e-12,-1.6599405657700522e-12,4.510600926069486e-13,0.9466567396182918
9.847240110667042e-13,-3.919897188425052e-13,2.0925157398909946e-13,0.7401216033817287
1.7018537671438227e-12,-1.3638229696401498e-12,1.7763087218578095e-13,0.6389393110250985
-2.8796025941444444e-12,3.288025110436037e-12,2.556610255289821e-13,0.9171683957257278
-1.777378346348609e-12,-3.0278826444614946e-13,-1.592654286404232e-13,0.2546465975359148
-3.726112988007851e-12,6.898496997043855e-12,-1.2942213920016922e-13,0.6993037419163862
-5.419565331160859e-13,1.919649824493287e-13,-1.2419042165431367e-13,0.4546350317232458
2.0218294570412435e-12,-5.970059793092873e-13,-4.1372560322388164e-13,0.905458184979165
-3.8100194288663236e-13,7.623438914797616e-12,5.812091406985735e-13,0.6378502816433957
-2.1037971572672005e-12,-3.2651433566400796e-12,2.1332433866852164e-12,0.91958960958108
-7.580650131656436e-12,3.519561389661904e-12,3.408478010101796e-12,0.7967397469082439
1.6547084600395941e-12,1.1828906773948632e-12,1.363818558135313e-12,0.6357407127559217
-4.664505050416113e-13,-6.044459387677382e-13,6.444333647027803e-13,0.8144721017496781
6.485752577289208e-15,-1.6846232346021068e-12,1.2510696632611413e-12,0.42782484472090754
-5.34120206770496e-13,-4.554106214256238e-13,-7.903428422467668e-14,0.8689093382601841
4.1504692940017063e-13,-1.3777318193134787e-12,1.2375881552029654e-13,0.6277666659361505
3.181052292437916e-13,3.908180728283983e-12,2.8342094130922528e-14,0.494189251855364
1.3835006453636346e-12,-1.058662321532388e-12,-1.0908534110996088e-12,0.9174059787172095
2.257435796770138e-13,-1.8349897707670942e-13,-2.386222109494253e-13,0.9796746267673991
-3.541405971879661e-13,5.302619805926647e-13,2.917058207445675e-13,0.9030820956843855
-2.780774151277172e-13,-7.019761313916909e-13,-4.1548686738931863e-13,0.9531093040668389
-2.405888383590556e-14,-1.3950317890899276e-12,-2.767133327161969e-13,0.8747951786516148
-1.7100907724977547e-12,1.6528201900266112e-13,6.262076901711369e-13,0.8354437497873183
2.8603601153997493e-12,2.459556071557425e-12,1.8900705530891824e-14,0.8941522660998165
6.648079295743174e-13,4.863736310164567e-13,1.3560959548868055e-12,0.9504671124291594
2.6367149609361147e-13,8.84512049260594e-13,-3.571450231298643e-13,0.7724402951458967
-8.308246491045963e-13,-3.740101006866569e-13,-5.460707352326385e-13,0.8690276159317456
-8.678192801656975e-13,-8.026957337729579e-13,-2.434094981915121e-13,0.8788828985612478
-2.3468910747645967e-13,-7.551570884468568e-13,-9.798652511175435e-13,0.8545343030361704
1.9596899874013781e-13,1.7291831208369358e-12,-4.1264604652419167e-13,0.8406575612484383
2.5151990020779244e-13,6.635463809350917e-13,5.597944609894342e-13,0.9216966889711851
-1.0250535093454589e-12,8.057070811751884e-13,-9.15501278002098e-13,0.9518528313199294
-1.134123383693342e-12,6.561325364495669e-13,6.070386249538161e-13,0.8690759585745191
1.5574316635493223e-12,-1.86061837304794e-12,-1.6514974854707987e-12,0.9077294342326527
3.4427303234858904e-13,-1.9876952643191181e-13,3.5156165389375655e-13,0.9217046679460007
-1.6641824633013992e-12,-5.539930269266964e-13,-2.085435629482807e-14,0.16242093803987845
-2.8748510573070763e-12,-2.842877297461491e-12,-2.860256356258087e-13,0.8498155897414628
2.2074170440801511e-13,4.779197406872413e-13,4.2288671649868206e-13,0.9745514081561963
-1.035493439194428e-12,1.511228842526408e-14,-1.8420825661494796e-13,0.5740383542486288
-1.0973039895788528e-12,3.281849078124622e-13,4.0611300101406006e-13,0.6075083599717215
-6.573051357584653e-13,1.7900435819577958e-13,-1.6171912759390374e-12,0.7731209597916862
-1.3022523260824708e-12,-8.586316318469518e-13,-8.337745820086746e-13,0.8140883408627575
2.2627693897119792e-13,5.671091975355911e-13,-1.606067572964507e-14,0.7746549457828699
-3.7677874383080507e-13,-1.5228386941091723e-12,-8.191206895440578e-13,0.7210083385828565
-4.889532954495144e-14,-2.488968309480208e-13,9.195800205123707e-13,0.6635927535038133
8.497947189225786e-12,2.044312843297189e-11,-1.638088258878566e-11,0.9465448384375215
2.873649062038168e-13,-4.567503824105677e-13,-2.860546799414385e-13,0.4532962854669025
2.740640664252745e-12,-4.8017362623413393e-14,5.015904019335367e-13,0.4580977891998197
2.3211036132161013e-14,-7.057589120412154e-13,4.395282641100625e-14,0.34511148115439594
1.7464539391124744e-13,-2.484898235372664e-14,5.835614009230681e-14,0.33465967018347653
8.607812525622897e-13,-1.9891129563900524e-13,-4.110776462384485e-14,0.6843269570098305
9.652828838444164e-14,-7.978349076396822e-13,5.937675671498595e-14,0.9328159970346523
1.7703379697321493e-12,4.193970126322477e-13,-6.041729536212199e-13,0.838024995489234
-1.1722005403160973e-12,-5.38758924103101e-12,-1.0058597407939174e-12,0.6155497565712991
-3.6846682825618005e-12,-9.942079572862785e-13,4.959754740825669e-13,0.960619046665976
8.647214336755094e-13,-4.95108439738091e-12,1.031129495626915e-12,0.6544932300946104
1.24201257902564e-12,-3.847530438198668e-13,-6.095591061840573e-14,0.679972312615804
1.6350257953615437e-12,-2.1248381116995923e-12,7.166837848254624e-13,0.8968589939315222
6.973781746391851e-13,7.089902544854883e-13,2.6827826701256125e-13,0.9663454741734111
7.444263911383068e-13,-1.8554532062237384e-12,-2.831455884861894e-13,0.9174179881465208
7.690565329322068e-13,1.0969677940585477e-13,4.095978390299649e-14,0.8461731239926134
-1.0863372198510858e-12,-6.560135730633936e-13,2.940120755399753e-13,0.6532000461440219
1.0415663096107561e-12,-4.5552958752857604e-12,-1.32869991447656e-12,0.672313122033044
9.52488606351873e-14,1.1864658278205777e-13,-2.4287453627969973e-12,0.4714838444971684
6.184934162290683e-13,-7.375380840164598e-14,-8.247305475694086e-14,0.7023049468052827
1.7633738762148593e-13,3.418731124670997e-13,1.566660442550306e-14,0.6136882953699498
-1.7604433270743414e-12,8.433874906796316e-13,-5.861421713864062e-13,0.8819987161066947
5.874331266635908e-13,-9.453929747827146e-13,-2.778040946169991e-13,-0.03113068120966478
-9.584656419753156e-14,-1.2279741078509192e-12,2.5040738544536025e-13,0.7707177182612243
1.9098077604889105e-12,1.7172611877248841e-13,2.977814902176049e-13,0.9542126808229954
-2.67731373058959e-13,2.399681612019876e-12,4.114061583510622e-13,0.6951089543867077
3.941564043756281e-12,-4.0133875034178197e-13,7.418681933492662e-13,0.8871730139205307
-1.3571254110535162e-12,-3.118076820801716e-14,9.898960245605003e-13,0.8166964947016966
2.2423256382359493e-12,-6.955787931004514e-13,-2.8728591833116225e-14,0.5826791021861709
-3.322322212391225e-13,1.2909508275332262e-13,-2.242435349579518e-13,0.33385095561912403
-8.834151383294687e-13,-9.581320160025214e-13,1.16875984186514e-12,0.9633354563436427
-1.1703806464167096e-12,1.5781774824890285e-12,3.123066178585749e-13,0.9741700175361186
-8.748351399974724e-13,-8.258152787817969e-13,3.751752435420872e-13,0.8490578827549418
1.3007665467677013e-13,7.913948745334705e-13,-1.266083840678541e-13,0.7359485253528899
2.0203302554045278e-12,-3.916950263703881e-14,4.677478854895766e-13,0.9070005347529667
-1.1326820689469338e-12,4.906284520596271e-13,6.509250725319333e-13,0.5996510066224675
-1.1596948775370963e-12,-3.8006178909487427e-13,2.885035474421233e-13,0.47164183928376724
9.757965560731833e-13,6.611438394593544e-13,-2.250067477264144e-13,0.4659949778007828
-5.374509050981037e-13,1.953612979696157e-13,6.339896966033799e-14,0.718825772938035
-1.3184199234315829e-12,1.3051396811278859e-12,-1.1068823529834165e-12,0.9222979764685746
6.260130887328035e-13,-6.123633505891262e-13,4.610489291697137e-13,0.8367474493057336
-6.180205625038942e-13,3.398168557289852e-13,8.970036281964058e-14,0.8452281594443153
1.9029858619541333e-12,-1.7593890847232612e-12,9.054433605683236e-13,0.9801784720523969
-1.180578101760173e-12,4.36893828511566e-14,2.900235229075871e-13,0.6170486255288189
3.7016385186960985e-13,-2.0207015223145552e-14,8.365953533593748e-13,0.8871120839922437
-1.219519617978353e-12,-1.07257801069799e-12,-1.1730467714744116e-13,0.013331486409612792
3.6182262196629134e-13,2.5519476148735253e-13,-3.2934266716550354e-13,0.974128291874515
-4.514611680192226e-15,4.603747669584217e-13,-1.9574012626746865e-13,0.5858959077650041
1.2310520227906927e-12,-3.828988985836409e-13,-4.898817359842528e-13,0.807108212783475
2.082013521048355e-13,-8.75483589866533e-13,-2.3825432996973766e-13,0.8307805964498343
1.0201644235124242e-12,1.4711888697772388e-12,1.0715389758562023e-12,0.5997508260241209
-9.799350780208071e-14,-5.354540687484476e-13,-2.493443925533852e-13,0.808956323432634
3.7857184647914306e-13,1.2549288197970565e-12,7.552397105532285e-13,0.9105547825267385
-9.812838279651186e-13,-7.475823379692818e-13,-2.329021677772162e-14,0.7746274468315775
-3.2975961146787825e-13,5.517816833793141e-13,3.03253982780623e-13,0.803872080020142
-1.764937542861549e-13,1.2115225493002275e-12,-1.1552492447540508e-14,0.8985550056242994
1.0175662471275272e-12,-4.624038934253943e-13,-1.2454894271916312e-12,0.8633615142530412
7.021676298997024e-14,1.018544104250727e-12,-1.332799191935431e-13,0.8196471818138575
-3.4017594038016226e-13,-1.9042226719249452e-12,-3.3867436580683297e-13,0.9268074081556494
-5.507252721508177e-13,-1.6077461666005341e-12,-6.294595806423269e-13,0.8705185174980474
1.3580151831634282e-12,2.5986077874995167e-13,-6.479279799956904e-13,0.8908865291411832
1.0193746535483241e-12,-9.709760483055865e-13,-8.31911294192243e-13,0.6261090648142147
8.601314438588054e-13,9.790615319921625e-13,-1.1610736296483393e-12,0.7302446844573576
-2.719241497944311e-13,-1.1047808503096432e-13,-3.643641795045251e-13,0.18439269902560285
4.294901537206904e-12,-4.22416767373596e-12,1.1851120960553134e-12,0.7834560966258313
-4.594509998306098e-13,-1.534620190709245e-13,-2.808973132511596e-13,0.962985133654842
-7.420760201908501e-15,-2.287675952328252e-13,-4.790672165100912e-13,0.23251383618136856
-8.960368903387419e-13,7.381411080301241e-13,2.1557410901659927e-13,0.8905344899170029
4.4541837980264694e-13,-1.266791005452574e-12,7.863449404329491e-14,0.9593750022986884
1.4328114279271463e-12,-3.4152046726486957e-13,1.2973129311518195e-12,0.7430191553685951
7.930338895711992e-13,-2.868967113607062e-13,-8.88281142125989e-13,0.9798481782431178
-1.741930152169543e-13,-5.970982891239949e-13,-5.750228653802593e-13,0.7475952557390939
1.125981421142423e-12,1.4777376662443033e-12,3.38446297299996e-13,0.48632501912611525
-9.114498934300134e-13,1.804057750702316e-13,4.0603971651268293e-13,0.9292037049949611
-1.0272294188697976e-13,2.1418356344516759e-13,-5.260385399391467e-13,0.9023876475010033
9.402796308059132e-13,3.53107366714785e-12,-1.823499546862935e-12,0.908599331160852
2.154836996144474e-12,2.4589174518298862e-12,8.266306984763645e-14,0.7400911542195314
-3.519058227683922e-13,-4.322704364064408e-13,-2.1652513262429082e-13,0.2740516974720548
-3.317458791254955e-12,-2.1188313540323032e-14,5.6487889647672144e-12,0.38852832141942284
6.237716423291855e-13,5.911340290349032e-13,-2.276330835390262e-13,0.9266586014593007
-7.776461181120466e-12,3.5499546172050414e-12,6.23344129927491e-13,0.6291552708228974
-9.23009975151726e-13,1.4532835074941855e-12,-3.382275285985649e-13,0.6885320653346889
1.2129494820042514e-13,-1.7431407270185685e-12,4.698958431701277e-13,0.9032818783584773
9.337847680421267e-13,7.303413434728374e-13,-1.1803227039201116e-12,0.9017413388120576
-4.8118636639563754e-14,-2.633630923551833e-13,2.778808834250467e-13,0.9221497285159435
-1.4852071075359127e-12,1.0445185365750188e-13,-1.2239980679490266e-13,0.5770508856539475
-3.81298716065022e-12,1.1287590258166847e-12,1.3327527157478856e-12,0.7713445689192531
2.2901852919206867e-12,-1.4455635671274065e-12,-2.0092078665091192e-13,0.719465015375876
2.8991739173963087e-13,-7.53452208556173e-14,2.670866033874025e-13,0.36313835851871823
-3.042858679357613e-13,1.8003647829963997e-13,1.0357014389791487e-14,0.551972574659603
-2.4971312236223385e-13,3.174958955789165e-13,-2.7196327310101617e-13,0.7344987832533417
-9.823365974760776e-13,2.480277252012085e-12,-2.2813294831280706e-13,0.6739256511915452
3.0826164537449867e-12,6.280514965349847e-12,9.819942474941641e-13,0.6339312947271878
1.685416712663433e-13,4.108813913430031e-13,8.051869342357084e-15,0.8241916636921798
-1.4018012111905828e-12,4.1402626749164155e-12,4.636967006396327e-13,0.8208673293548999
-6.054469307980301e-14,-6.446883681767258e-13,-4.1872149874535474e-13,0.6870940736494979
-9.259390987662644e-13,-2.3262950773564294e-13,3.001117770839985e-13,0.8208211647453186
-1.3063918616658309e-12,3.015371650863166e-12,2.8031082336982014e-13,0.919184423356619
-1.8463802947611952e-13,1.3758975195666292e-12,-1.060471921050756e-12,0.7785992752204622
-4.0063196611567093e-14,-1.5531386435801778e-13,-2.341149433134746e-13,0.10729672585207628
3.194878078747847e-13,-3.1889567797919974e-13,-4.4900087284224253e-13,0.9253582816234266
7.855461662655008e-13,-2.1818275310283125e-13,-4.0925743282593426e-13,0.8941467178061648
1.1720489011627696e-12,-6.204001638768323e-13,-1.6797382227114851e-12,0.78693561220694
1.766407171457563e-14,-3.164480533300044e-13,1.9183850796551747e-13,0.8359633318320492
-1.482862477893492e-13,-2.849849470540793e-15,-2.4634843136611443e-13,0.35463819403853825
5.809775724145819e-12,4.204193716677014e-12,-4.919445495833149e-13,0.9107730510271144
-3.6768690746084217e-13,6.194478545418981e-13,-3.145191879702383e-13,0.8458465920946105
-1.495645734835975e-13,-2.305243320268461e-13,1.2018138411397517e-12,0.8882933098812784
5.373370726967283e-13,3.1801492715933196e-13,-9.134781089727121e-14,0.8537570516771323
1.1054915351034865e-13,-9.595914302265605e-13,-2.327519327859528e-13,0.6960651892729723
-5.937991252468531e-13,1.26740993168726e-12,3.9745783014847066e-14,0.9127627830615351
-1.3710680165295076e-14,1.0145523192579605e-12,2.7364268679874584e-13,0.8189302516571251
8.681463781587318e-13,-8.330355674679687e-13,-5.135434236340648e-14,0.8350468771962283
4.576762490275654e-13,-2.6482722443780805e-13,-5.229031152354118e-13,0.561036648755391
2.490215438039972e-13,-4.5327803751782037e-13,-4.8303952475527974e-14,0.9810127810767098
1.1243701105574207e-12,4.561236818527808e-13,-1.2397097212223043e-12,0.8845020243613487
-4.955818683220455e-13,-1.1013054224226557e-12,4.415718327952609e-13,0.7895920868080297
-6.755670792033263e-13,-1.5639383639666826e-13,-5.502968722363824e-14,0.8313797640829839
-2.6183493020845853e-12,-7.925843616359997e-13,5.069553994125577e-13,0.6990588523332906
7.941066942495746e-13,2.6985803643957874e-13,3.1033331549947377e-13,0.43117467375130814
4.0938184606922026e-14,5.349975300382671e-13,5.506425769744893e-13,0.6680488545907959
1.1617097472930232e-13,9.531804541165982e-14,1.464263410211059e-13,0.5688031154156634
-3.1851487912768095e-13,-9.655071191835327e-13,-2.0382032941829354e-12,0.8328010564238373
-9.457668683954131e-12,-1.823929010555541e-13,-8.513002181897568e-14,0.8922781934381616
-5.348977151236377e-13,-7.709749546518813e-13,1.7754315301396354e-12,0.8795936619941142
2.6057364921635467e-13,1.864298780482634e-13,1.4273628095316462e-13,0.5377999882593583
4.3215898303829256e-13,-4.541738787387482e-13,-2.5693067068883015e-13,0.8479985860008813
2.8224964609344335e-13,-1.2705579394550489e-12,8.655405294711387e-13,0.8344015239773954
-1.7778970238196555e-13,-1.8035309031211293e-13,-1.3374459264644104e-13,0.8616992705732818
6.523939349010807e-13,-1.203814823974336e-12,5.145274063409035e-13,0.8338420726258486
1.2600159737549524e-12,-3.674879755786646e-14,1.7285359254018875e-13,0.8084514273163884
2.915313296184335e-13,3.553033685330526e-13,1.1175143499382613e-13,0.4831930589047334
2.6663713691322373e-13,5.713915064240951e-13,-1.460141192388133e-13,0.7570387269012493
-1.9727605949280345e-13,2.620272004529658e-12,-2.9460956670119605e-13,0.8201385787096833
5.796253252132847e-13,-2.338244405499389e-12,-3.638069016094475e-13,0.8871291150995836
-2.5358758185002275e-13,4.96723347864094e-13,-2.3247864326581617e-13,0.6606386868431392
-2.2296816185542136e-12,-3.156945138005629e-13,2.408529277728708e-13,0.8202635131401644
7.105122480047987e-14,-4.272883706126471e-13,-4.2272844794892426e-13,0.5865950324344675
-9.376061394218878e-13,-1.676873452284782e-13,2.0791074396974014e-13,0.44402091526784715
-9.49324090102093e-13,-2.5995471913132054e-12,2.4131004295053116e-12,0.8652645337107919
1.7382192149296878e-14,5.35136824998277e-13,2.6182922978969105e-13,0.5348000072986417
4.216310783187164e-13,2.2700209158732128e-13,-8.782053070259359e-14,0.7902749305606571
7.633318674224534e-13,5.242221843375194e-13,1.5273146423816906e-13,0.5911225346286644
9.346521038993947e-13,1.0689781687305739e-12,-1.936285559711555e-12,0.7184062260805439
-6.666226942338719e-13,1.6124119225233272e-12,5.260907590811572e-13,0.929583921224425
2.6699718800462786e-14,-5.524781035001215e-15,2.676513282071588e-13,0.49952657748902507
-2.557277056227017e-12,-3.7487808639789606e-13,2.920313919876227e-13,0.6548429345804669
-8.406327876141189e-13,2.5832604507886223e-13,-3.3331936336971915e-13,0.8297380750218968
-7.438385654130024e-13,1.258187993431828e-13,-1.2045864933153217e-13,0.49732605886871417
-6.486091416250224e-13,2.093706362742941e-12,-2.008901234061032e-13,0.6078574725845567
3.4662270049031306e-13,1.65825492491496e-14,-8.026135714466709e-13,0.9812316056026209
-6.047557350511926e-13,-1.5935732951881954e-12,2.245876055840711e-13,0.6151427073144609
-6.663437165925853e-13,7.571367750171433e-13,3.1692097094287285e-13,0.8729210915181812
2.717928610411759e-13,-2.0436392259380513e-13,-1.453713815964986e-13,0.5958825904151561
8.348821533827212e-13,1.0845739342205315e-12,1.0477504112368806e-13,0.8473999329580029
1.238489827977275e-12,1.831859236151111e-13,-9.319641480647872e-15,0.8199706180398711
1.4522586087444902e-13,3.4050312158374195e-13,-2.724715473278056e-13,0.78118302964217
-3.4505679909876866e-13,4.489685585924372e-15,3.0901581329106306e-14,0.9437796815170314
4.090908042093871e-13,2.2191754797574013e-12,2.239588142773037e-13,0.820213364119154
-3.1053129790465905e-13,3.270229449293075e-13,-6.90864262090069e-13,0.5916863964978831
6.037000052610245e-13,2.1454330677316072e-13,-3.0652021953734945e-14,0.7095356969203388
-4.755872668766211e-13,4.812590489794411e-13,1.805080857579734e-13,0.8714311238485898
1.1024471782734616e-13,-1.32541047208168e-12,-3.0780516121982083e-13,0.7171470988598915
2.6330937089088505e-13,-4.560991550143152e-13,-1.9414509551533955e-13,0.6347569144973577
-1.8353538191572647e-12,-3.625594748926309e-13,1.145148953846381e-12,0.83990694407756
-3.267885724925067e-13,1.2546990149613982e-13,1.529523656468773e-13,0.9819163165495547
-1.4674263807471084e-12,-4.033921198247376e-15,-2.465468918866809e-13,0.6260702748420559
-2.2440017512110703e-12,1.0297263359610513e-13,1.3891394530875497e-12,0.5572881029350449
-7.260131092533282e-14,-1.5775837802315896e-13,-3.6128571015829835e-13,0.6133152938772792
-1.3485355500972122e-12,-1.4342164725241524e-12,-9.051652053655871e-13,0.1554575928662918
2.1984619430691832e-13,-2.0748360196196826e-13,2.1759504994506158e-13,0.959434974115591
-3.3615626378536614e-13,2.187215490311077e-13,8.236956559671419e-15,0.6879586323975785
4.021925338830381e-14,-4.476594616923387e-13,1.3157904236023664e-13,0.7708088559735571
2.6150028740035186e-13,8.82408120680452e-13,-2.1945426794879056e-13,0.6815062309940498
-2.349693737618066e-13,4.2634976579470404e-14,-3.4787156976971443e-13,0.9456004968948909
-4.228575849658827e-13,-1.331345381164696e-13,-5.895908576022078e-15,0.8096538897870582
-4.508363269555822e-12,1.6344181206373773e-12,-1.0359021481506434e-12,0.6579143103014797
1.1716375074208887e-13,9.18669177440319e-14,-2.6425988540429172e-14,0.14557453585173574
-1.7036633120738024e-13,2.4778965524791476e-13,-1.8953936285009824e-14,0.36303378753704507
2.483205058783001e-13,-8.317244538097319e-14,2.6951595053953083e-14,0.5272329643271182
1.5258301314062118e-13,3.5706725599890675e-13,6.622624932633511e-14,0.9812608957921403
1.0318685788437986e-13,3.407204592020568e-13,3.3924972427448423e-13,0.8794224580995992
-1.5352847128944481e-15,1.8557539535419107e-14,-2.2417105601402184e-13,0.8080873763772728
-1.7259791474948746e-12,2.357790005929789e-12,-2.8401919234826866e-13,0.7466869245498491
-1.3677981081837742e-13,1.7676947002515103e-13,-7.390694130449884e-13,0.8160902780269397
3.0036758183046807e-13,2.3657754825883685e-13,-7.177435355186144e-14,0.26086265400597264
7.278558455191434e-13,-4.016130545576958e-13,-8.371707609117063e-14,0.5681235826786508
-1.596337501989236e-13,-1.8837884922298076e-14,-3.171664511878773e-13,0.5513457375278356
-3.330598428085556e-13,-3.09426184584643e-13,6.238031174599651e-13,0.5113082697728297
2.3550020392948393e-12,-9.5531052963433e-13,4.653043942300608e-13,0.7205416055413922
-1.8245651292052503e-13,-6.870961250177968e-13,1.0290571933610212e-12,0.6288390029433805
4.622833832825457e-13,1.804862223317203e-14,-1.2093393075862297e-14,0.804930415036964
5.443042772889386e-13,7.954839234692319e-13,-6.940856234119424e-14,0.13525607688455665
-1.5970379024780196e-13,-3.157834705232026e-13,-5.0330316581634534e-14,0.9029304917855582
-8.356279378477736e-14,-9.839891967907482e-14,-1.9549226630028193e-13,0.14445098551853863
1.6721376382194092e-13,-5.60009155352517e-14,-2.9939395566442394e-13,0.9066294833906191
3.3486543875635055e-12,-2.982812765511932e-13,-4.513738243027703e-13,0.49377226827830456
-1.4395712193172478e-12,-4.4970358817233115e-12,1.48134555234238e-12,0.5384373531693017
6.207063216491379e-14,1.1613437904342588e-13,3.277430760967451e-13,0.5373893142688237
-2.8508367444452975e-14,4.03941854906792e-12,4.665951210224214e-13,0.5554137991464814
3.4355272857147846e-13,4.2683659369718467e-13,1.4489853030160737e-13,0.6995210014745512
-4.972898976804885e-13,7.049870515051754e-13,-1.3364066990364072e-13,0.8922469544376711
6.55050192173361e-14,1.3780747290557554e-14,-1.544625188104528e-13,0.8083707412003781
-2.7623756010691226e-13,1.3063007003913257e-13,-2.27969961965091e-13,0.943814719163486
-1.4525483149256408e-12,4.4908286647316364e-13,-2.6754600753796303e-12,0.8135128443875231
2.2810824320756225e-13,5.514936636661833e-14,-7.277855369297675e-14,0.5080398797218687
5.6051076417496254e-14,-1.0956045535864387e-12,-4.7373088245312925e-14,0.6722696662282674
-6.532586415156937e-13,1.5557871971549592e-13,3.8246910647695054e-13,0.27575181226532586
8.792573631397079e-13,-7.127921330004409e-13,-1.574927923338123e-13,0.7961431478349037
2.332445090212047e-14,-1.2840638039648704e-12,-2.172579830229898e-13,0.7015580278374611
3.7066492527928987e-14,-6.105100018826564e-14,-1.2692714506455676e-13,0.8229060625100424
4.0314563912947125e-13,-3.53748469122107e-13,-1.5708090020871717e-14,0.3656767864969148
-2.6212335048589183e-13,1.661700767067488e-13,-1.6481836613642283e-13,0.290961432733464
1.3623486410086206e-13,-9.379282409241883e-13,3.931132547559324e-13,0.30445201782848275
6.821012201596448e-14,1.1254116289563827e-12,2.0073449868037615e-13,0.5170890631943853
-9.921998373684148e-14,-2.637036420886453e-14,1.1309439856269063e-13,0.8777003708618598
-9.331629483025748e-13,1.5601918763518762e-12,6.31305078818303e-13,0.5517632194488825
-1.6667092463136255e-14,-9.825248047807404e-14,1.2838707549391553e-14,0.3874496859073505
5.773271766950369e-13,-6.407228444166511e-13,3.389537149854028e-13,0.9013928461237539
-2.6641195841583157e-13,-1.9728135533614356e-13,9.672386897555308e-15,0.5957950479735941
-2.6026659549681084e-13,-5.426705001722678e-13,9.953283550114769e-14,0.8837841105571154
2.3000541013648955e-13,-6.594763428310847e-13,-1.5604462802810968e-12,0.7390638996285785
-4.350509764705808e-13,2.8491326157349194e-13,-3.8905432813231145e-14,0.9076122291499699
-2.58099445630554e-12,-1.962357934070265e-12,-1.007744754022634e-12,0.7953891188630222
2.5166340071637104e-14,1.468947569414212e-13,3.4719566299140964e-14,0.8344364979741777
-6.651494249312259e-13,-5.190737225389792e-13,-5.415514537475659e-13,0.7563550010953823
3.7673724792851785e-13,-6.583039578849702e-13,3.5593581264143274e-13,0.5953247207477876
2.738109895999552e-13,-2.7634508555685517e-13,2.355858430850379e-14,0.7050046407651294
-1.6197289413335206e-13,-2.316921668803918e-13,1.60905957153675e-13,0.1314110656624008
-4.022406226745471e-13,-1.1880344811459046e-12,-1.6891329503809264e-13,0.9169182280585637
2.86188778526832e-14,-1.680154237000094e-14,-2.2558066157240437e-13,0.9423985745843166
-2.1827234640553247e-13,-4.252453140032403e-13,-1.0430814059324551e-13,0.8609268482377698
-1.2771978245818747e-12,-4.0966560612757515e-12,-6.217507737445954e-13,0.8735621387158767
1.1208868935745637e-14,8.318144232788371e-14,7.623457063242275e-14,0.7943872791077452
5.933898077126601e-13,-3.3192520384854735e-13,8.504214961748966e-13,0.2591902422010506
2.132903553701001e-14,-1.365368985650023e-13,7.748660397957692e-14,0.5078807003510266
1.3638365155089682e-11,3.230207363856042e-12,1.0990284305228968e-12,0.827716509581429
3.1813289445143445e-12,-2.33555569960261e-12,1.1764854360585873e-12,0.8423972896329179
-1.3994195749347691e-12,-4.904539117210496e-13,-4.655135392946352e-13,-0.08978947596150744
1.0407181469909291e-13,1.1147524251357136e-13,-1.7930811792465446e-13,0.7879916209645795
-3.7668267083955556e-13,3.591917236928798e-13,7.648202810425336e-14,0.769886973902843
-2.6685416199224015e-13,4.0948797476835267e-13,-5.393928407524337e-13,0.9371041039704472
-3.1768183575168104e-13,1.3988871288963039e-12,1.5695626499303922e-13,0.6366221952649813
5.732695170037361e-13,1.257989232822125e-12,7.049575786749096e-13,0.4275928018746573
-9.968758912768347e-13,1.1500521795953524e-12,-2.617324677396698e-13,0.8847458817234725
6.73887491406675e-13,2.707296693872922e-13,1.1539972590723213e-13,0.5939688894938044
2.5887532805656384e-12,-2.545913773435879e-12,-1.0355850000584751e-12,0.7814353052417536
-2.77729040941998e-13,-5.401294848576972e-13,-2.6449156790848455e-13,0.6855583201883484
-1.4934428830350798e-12,-1.4458529039471062e-12,-3.064182774187311e-13,0.6017251731710586
2.0600334457154372e-13,7.538200254150239e-13,-5.3105270510504696e-14,0.9128314630163985
-8.657868570292322e-14,7.4050078596686e-14,2.634302818219491e-14,0.7563160566837351
1.910513146935336e-13,1.4460357208992517e-13,-1.2379574238524629e-14,0.5328433030298043
-8.793097808046017e-13,-1.0815457655313865e-12,3.6529731419535466e-13,0.43774870375278485
-5.1982848248532144e-14,-5.495755441113483e-13,-7.738306655032364e-13,0.4336952653117979
1.2884740752084564e-12,-1.5561052050488247e-12,2.7616533382839336e-13,0.48774251351330045
-3.60630546426014e-13,-4.921122618047549e-13,1.584698896915129e-13,0.6386749508425094
1.8884372396753305e-13,-1.2648171366748964e-13,3.6674960004800863e-13,0.6555111538011131
-3.049286054397709e-13,-1.5307081902537184e-12,8.894220620117284e-15,0.2320541283895855
4.211822838787313e-13,-6.284577591682341e-13,-2.1960140306596886e-14,0.6953199258434068
2.531565413056333e-12,5.173509986671818e-13,-2.4775920830629037e-13,0.5071307827507544
-8.588687601110985e-13,-1.0056565473917638e-12,-9.92069945157882e-14,0.9476904522849483
2.5530990810599554e-12,1.6721213865449395e-12,7.117841833601059e-13,0.5183279165550843
-1.2301178160142786e-12,1.3118171774260201e-12,-7.926163290578695e-13,0.8479097251449927
5.596047068969803e-13,-9.013424024546811e-13,1.0716401433780213e-13,0.7426482407231875
6.601337830558795e-13,1.097229528049792e-12,-5.995969872933716e-13,0.538643454541486
2.488664975069357e-13,2.8182862495752153e-14,-1.0666693135529782e-13,0.8653410474317084
-2.3255262989777635e-13,2.4138756236715345e-13,-2.31578686277813e-13,0.4418707358555427
-2.4159829380872556e-13,2.5131623649735604e-14,1.5255014964659203e-13,0.8242865134381685
2.1009183517099768e-13,5.740750451116829e-13,4.3632223904489347e-13,0.8404486381543999
4.901987709446767e-14,-4.858927776018309e-14,-2.2870728782505904e-14,0.6625259862154451
8.009870203755815e-14,-2.1958952167074965e-13,-1.5575696628403273e-13,0.6333310715037626
-3.600941964888695e-13,-1.8561474801897866e-12,-3.6883785446830637e-13,0.7425055848131045
1.3941241581167641e-13,5.821135206599205e-13,-3.1213190352668105e-13,0.5145902608071811
-8.209313298846603e-13,5.263055774004359e-13,-1.4517143693907038e-14,0.6813473717566925
-7.850435644682044e-13,1.2454109889863596e-12,7.397268671524902e-14,0.8782585123506579
-3.0839985755131933e-13,-3.613166988424634e-13,-4.3893353357301714e-13,0.46707516947810923
-8.281156002509576e-13,-7.206588749343122e-13,-6.774110518556488e-14,0.8109065626510104
5.6442928111545394e-12,1.5369505065312617e-12,-6.295133999520406e-13,0.7298541013597515
-4.685163407615209e-14,-6.902284633884973e-14,-2.9251891170421734e-13,0.5022257597954716
4.4194841127364026e-13,1.3295131950859115e-13,-1.3070501914349766e-13,0.8711215205835768
1.5782759693029533e-13,-6.366700118679983e-14,1.4403285709451392e-13,0.9415482471948262
-8.302315791655236e-13,6.581787874946829e-14,4.744525800578001e-13,0.7916319953768101
-6.638949566936665e-13,2.6203771813633375e-12,1.2395341503068956e-12,0.543811878308244
-4.476562815131165e-13,-2.0045371037138372e-13,-1.1013049980230409e-13,0.8422503350275264
1.917644123342817e-12,-1.929316115997354e-12,-1.1545348956282918e-12,0.7838683422260168
-1.025655741578178e-12,-2.8540755716079456e-13,9.953301061144886e-13,0.27825943285502575
-3.4080712286702956e-13,4.608360615008973e-13,-8.405017199896547e-15,0.9183934148891468
4.1861151871831994e-13,-5.478400041912661e-13,-9.804749395555053e-14,0.46304364050546665
3.605017606186662e-12,-1.4744709296446824e-12,-3.396112865081127e-13,0.5984244297533868
1.4177901272177646e-13,7.40054106842349e-14,-3.6843711273440437e-14,0.6066434213468119
-5.587912102171167e-12,-2.364824634628662e-12,-2.326169445044676e-12,0.7266120051474223
2.7197352003834584e-14,-4.459384223993449e-12,-2.2099835559898258e-13,0.9300908586558625
1.587604623577959e-13,-1.0208460191183301e-13,-7.343637318891866e-14,0.3242236367753031
4.4321078562433725e-13,1.3161279677170414e-13,-3.0683662410060987e-13,0.7760175092015748
1.6419370644648897e-13,-1.2713403566584975e-14,-2.3597044351175366e-13,0.7537853373792618
4.389740932883117e-13,6.253453287077405e-13,9.67340486894422e-14,0.6384410050948908
-2.1284890294670597e-13,2.1488837976972584e-13,1.80092863532184e-13,0.6795214749728309
-2.292252596438717e-13,3.358081794261053e-14,9.977267539548619e-14,0.16385133373768435
-1.3849280192375946e-12,-8.849781758940684e-14,6.635698426576381e-14,0.7609456932934788
-4.046515754507242e-13,-9.788469332518494e-14,-2.651390073781589e-13,0.4062385520736549
7.783136907260294e-14,-1.6278755970436612e-14,1.2091302164954819e-13,0.6598095738960821
1.9533929743810192e-13,1.3720312518669354e-13,-1.632461662965773e-14,0.8368678619400014
5.412176293586586e-13,-2.1012254972668052e-13,1.8798260052292326e-13,0.917350521765107
2.8834106815719566e-13,-3.4968916875058426e-13,-2.7015096168422156e-13,0.7818111057275562
-4.780945431456334e-13,-2.2756813421500835e-13,2.5666608449858834e-13,0.532755328864009
2.6308353779206773e-12,5.424690366081973e-13,-1.0593115077416152e-12,0.37156071230003374
1.122681218360155e-14,2.2306815982647454e-13,1.1219026703132065e-13,0.8015171197768785
1.0379744583356434e-12,-5.324868959479476e-13,2.1002755526318193e-13,0.8337689791285137
-2.1280834972980727e-13,1.1431642212462745e-12,5.259543496266789e-13,0.3889823761030744
1.301141139586764e-12,2.040554007436657e-13,-7.026399717270705e-13,0.3078526276027417
2.036035936014057e-13,-2.580880392334832e-15,-5.303411341130655e-14,0.9374729004539655
5.890404612308047e-14,-2.8274011139212463e-13,-1.3208493970100622e-13,0.017408151752624224
1.248058739992791e-12,5.453181325828182e-13,-1.331506045363641e-12,0.9328255773391593
1.2198980786396556e-14,-4.76775310894436e-13,1.2994450560859093e-13,0.6000068421733513
2.9111376543971085e-13,1.2193741154198698e-12,-1.0017528970800426e-12,0.8591058168970803
1.2348054527449852e-12,-2.44935351197537e-13,9.287894416230879e-14,0.7392578364264857
6.806658455347487e-14,4.090487261932083e-13,1.2900213583992859e-13,0.6254262839758031
8.597754267142839e-13,-2.9188536089872575e-12,3.7918763478556337e-13,0.6892988351627177
-1.2503449232445841e-12,4.222472217292827e-12,5.977028077268331e-12,0.6845886366484688
1.758136215925853e-13,2.310803033040592e-13,7.053794310676471e-13,0.7858110464488112
1.2393507056460486e-13,-2.7155603100077533e-13,-1.477953577945846e-14,0.16031818717441204
-5.080514284701967e-13,-2.1228747446741522e-13,-7.183682717149996e-15,0.7832199317763622
-1.4333116041535723e-13,-4.4099251140871947e-13,2.688418655997638e-13,0.707621914995471
-1.642262844017158e-13,-4.404164072053727e-13,-1.4149071007374791e-13,0.8247981320275476
4.843534437233155e-13,5.862182197340956e-14,6.087974706962885e-14,0.4134567249718484
1.5465394525448877e-11,2.1624748926601144e-12,2.8105336911828353e-12,0.7765774943453432
1.3209004733291926e-13,1.2517669479618464e-14,5.095192541260968e-13,0.6676301361294833
9.130071844796542e-13,-1.006046903947863e-12,-2.5317801512026963e-13,0.8987201718122629
-1.1522071948384455e-12,5.283165954187335e-12,-2.960983256179302e-13,0.7666421883431663
-4.920930503148402e-13,1.8934024138192692e-13,1.5291511164932405e-13,0.4601221654941572
6.118227543578073e-13,4.887883648553218e-13,4.390987878294211e-13,0.8388139231867877
-5.178609770525548e-13,1.016814086187087e-14,1.580548935501015e-13,-0.014256964802511707
3.098372451300182e-14,6.870099342658779e-13,-1.0603142961417704e-13,-0.09991247313667073
-1.7390971477961048e-13,2.3279338160828355e-13,-1.7271772011246193e-13,0.8896489510451291
5.359974350462063e-13,8.796791366608276e-14,-4.47498368797512e-13,0.5453779857012944
-7.603284638466615e-13,-3.911686742461205e-13,9.842995438503575e-14,0.7967299468315883
5.708209102789458e-14,-4.980527820515124e-14,-9.945198718472301e-14,0.6050401378101931
7.970558137064769e-13,7.15984948660142e-14,4.844850915048113e-13,0.506102105332301
-1.7457416355327104e-12,-2.2217873259745816e-12,-1.0052239568539461e-12,0.09747837909878887
-1.9291192074413685e-13,7.626537083217222e-14,-2.789517979812835e-13,0.53614152110024
1.3689651998992224e-13,-5.337896261026694e-13,1.5183065563703897e-13,0.8296727107785985
-4.0171810489719274e-12,1.7965971901636307e-12,1.5862456536114475e-12,0.6489096181535057
7.720580312560749e-13,-1.49997841538434e-12,-2.2859647569851595e-14,0.5223197969853899
2.071465794426779e-13,-1.5879511978207695e-13,8.50397299839523e-14,0.3838304426419431
9.057953029819659e-14,9.491518294889174e-14,2.03059889893604e-15,0.4623918908384258
2.063493067680585e-15,-2.7736353286887514e-14,-6.437409010926788e-14,0.43869432820820475
-1.7455552842808673e-13,3.54283713584019e-13,3.1217410672876286e-13,0.9464907185602067
-4.936467277271027e-13,9.95504316753001e-13,2.84747862511432e-14,0.8793913228116218
2.347979806868982e-13,-1.0356337036420205e-12,-5.977699497453873e-13,0.9340503755096731
-7.741425619061903e-13,-1.4219132001092638e-13,4.391959423157011e-13,0.6423001933771497
7.78150197218479e-13,2.2672704887681616e-13,3.402401984253161e-14,0.9609302721727386
-1.333470875502705e-13,-6.600895883273672e-13,9.67907311396925e-14,0.6024100834013929
7.088917146122375e-14,-4.560395438864833e-13,-6.771248269311794e-15,0.6463914015903143
-3.1495661196338967e-13,5.242849602328718e-14,1.6005456170974166e-13,0.8838099111956396
-6.4084280391551e-13,3.399660800452545e-13,-2.402997200137529e-14,0.9824647906579417
-7.846711116007479e-14,-2.3735340085555945e-13,-2.9552209132057724e-13,0.5908810922476464
-3.104503070869395e-14,1.015384763854266e-12,9.33246603452075e-14,0.9882236880443102
2.121773474724256e-13,1.1321187392326449e-13,2.1290575741159243e-13,0.8543414330427013
1.380360202433689e-13,7.711196653618449e-14,3.9043742778157544e-14,0.8823604279842832
1.5268662137422062e-15,2.3806117286806907e-13,2.7406436061871143e-13,0.4295449538600985
3.581314649519535e-14,7.265079784271955e-13,-1.593331626634711e-13,0.5248339606142225
-9.302458148872741e-14,2.2077228302412105e-13,-5.131987156449028e-14,0.6090489664944672
-2.750222437615911e-12,8.763359061852096e-13,1.1845559640685471e-12,0.37162588119156803
2.931138766989356e-13,-7.437625214721112e-13,5.101466771083959e-13,0.6250429435813609
-1.360705876762934e-13,2.6698898907947583e-14,-9.162692939989269e-14,-0.1106297399537044
-4.788928199675826e-15,-2.7515094959277992e-14,-2.2082138760663767e-13,0.5630279585192981
-2.554703707704099e-13,-2.0752825768943132e-13,4.761143754785126e-13,0.9586354320678313
-2.8081873400751686e-14,-5.077740795889567e-13,-3.830099020145563e-13,0.6225684273491229
3.700073092035037e-13,8.721093616618912e-14,2.1763184991696527e-13,0.526514223516258
1.8902153401884345e-13,-3.650821833088003e-13,-2.6967451665530233e-14,0.7882101872003455
1.6136615826859146e-12,1.4276447538960805e-12,-8.871069783960758e-13,0.06116277481515353
8.706826903896068e-14,1.6953569484006579e-13,-1.1726367499901666e-13,0.7230458141408342
-2.9463972126037515e-13,2.528083053880503e-13,3.0104771998428874e-13,0.6400012461442601
3.2698456001065613e-13,1.0455335908584985e-13,1.1408690580704239e-13,0.3426387212705927
-1.1361084402116517e-12,3.812448204599284e-13,-2.1219776823479375e-13,0.8720849004084771
-4.063602358315459e-13,-8.464690820792484e-14,-3.21588427674954e-13,0.4233698645324856
-5.1097570500514864e-14,-2.5064090188357073e-13,-1.51094779282793e-13,0.8630833226687936
-5.488551641092616e-13,7.889228264535291e-13,3.011308497786563e-13,0.8632969100193532
-7.132170061951861e-14,-3.219100559017641e-14,-2.0315215032766064e-13,0.907695846442806
-1.3075851413285555e-12,-1.4496343847366808e-12,-1.7312031607047084e-12,0.7259151111510369
-3.4503550172872593e-13,-4.396728444923069e-13,-2.0652598553732155e-13,0.5893540201291865
-2.613138746040836e-14,9.763866706656476e-13,1.3509946189340313e-12,0.536151822521477
-4.088370365302605e-13,1.9700811170569248e-13,6.003947745782818e-13,0.5046711458844324
-5.735696590819567e-13,-2.0928798053384325e-13,-3.12004720152568e-14,0.6646646936037447
-1.3022219906875412e-14,2.7789266069303386e-13,-1.6680493099821447e-14,0.9621118044331192
-1.112606348763316e-14,1.4105718783932876e-13,-2.32217700120447e-13,0.9364003925509773
2.1383948405841783e-13,-4.523855877792257e-13,3.272360335576138e-14,0.8902191757988178
-1.784450303563963e-13,2.4234206090489583e-14,-5.670395197731309e-14,0.5388160942645177
1.7700368087527568e-13,1.361015062736985e-13,-1.1470581464821141e-14,0.5557722817761004
-5.579646561758134e-13,2.298254268492467e-13,-1.8703215348107636e-13,0.5259519404227836
1.2125261820514216e-12,-6.170145955814207e-13,1.2008114165534237e-12,0.7887377771305502
-3.914049283903163e-13,-2.2326306298508307e-13,7.702050414338063e-14,0.5550282547148275
-2.1485098502314435e-13,-9.010935972181534e-14,-7.449284146637565e-14,0.12015799524248572
-1.2514241780755746e-13,2.3662005566617946e-13,-1.1594245814497716e-14,0.6280581832611887
-2.2918358647779373e-13,5.029281171283502e-14,-7.74858553970053e-14,0.8496475452196687
2.6239705204616215e-12,-7.443161121633808e-13,-4.2353080629257317e-13,0.532379864090777
-1.2267176995203654e-14,-7.057351628003542e-13,-2.538567548448503e-13,0.8603471506037265
1.1282822531712632e-12,-1.9737898814931387e-13,-5.853030546290187e-13,0.6632029702394239
-7.848434709668829e-13,7.330415196765256e-14,8.050291852256353e-14,0.7171876887731992
-2.671582937963738e-13,-3.4292443321039856e-13,-2.3866251518459933e-13,0.3571491412360077
-1.3486082645296786e-14,3.074718017955261e-14,1.7144087840976617e-13,0.7099300421274173
4.1941547710426534e-13,7.265328580652769e-14,-2.888199656035797e-13,0.8219081784483794
1.5539157225918594e-13,-3.6269154022342156e-13,2.305237727593266e-13,0.6336550008672752
4.2482699667895844e-14,1.5614682815706747e-13,4.6636939267739536e-14,0.7533495940771477
-8.526661316726459e-15,1.9051444005102987e-14,-1.9230043553391938e-14,0.15660051888116922
-3.2194370491525286e-15,8.636175330626416e-15,-1.3587530295908499e-14,0.0270687137711928
1.4469166913634635e-13,1.1100417735972166e-12,2.9172592051576204e-13,0.6060648017852346
8.829506498957297e-15,1.6100573662419483e-13,-1.0183082626425292e-14,0.4425429341056414
1.0615774439587138e-13,2.7799886242438e-13,3.6171780368200645e-14,0.4668114896647839
1.455385221832568e-12,-3.1471298635268786e-12,-1.5817120715854808e-13,0.5707379666313941
-7.624634456059709e-14,-9.86438040104768e-14,1.6792694232015498e-14,0.505062027853451
-2.9081701564294966e-12,-2.320638818438716e-12,1.4009032441227164e-12,0.7130544094346942
6.259658715068535e-14,6.253701361673646e-13,3.2202467597027417e-13,0.7851702170818786
-1.153857671106289e-13,5.704057190289632e-14,-4.53527328522603e-13,0.9427048234383582
-2.059970599611801e-12,-2.627339217125975e-13,-5.191517277013429e-13,0.8473065521894325
-9.128615052139308e-14,-7.042634464049844e-14,-1.510684325205024e-13,0.5597018690091435
3.1347986210250777e-13,-3.946535795820984e-13,1.9432882888590594e-13,0.6060968059290996
8.567403596975389e-13,-3.7943415141840877e-13,-1.0171337487813906e-12,0.7472532746284444
1.2366887107477033e-13,-1.0518992423807214e-14,-1.0856037087462016e-13,0.7193372198278121
-1.1518844778374583e-13,4.552125933737945e-14,6.484898989287096e-14,0.7597271982068132
-1.6344392797991803e-13,2.3022018187373503e-13,-4.422103443249077e-13,0.6079651568054179
2.768704261828645e-13,-1.354474433447232e-13,7.20429018326155e-14,0.5769375730164051
3.421133144114094e-12,5.873431100314408e-13,2.557007056909921e-12,0.8451059076299793
-2.288685265762265e-13,1.9796561899150683e-13,4.142052312825339e-13,0.8637375392190633
-1.3410946040853197e-13,6.287795655660654e-14,-9.67766736449531e-14,0.380132150692143
-9.261248885175351e-15,-3.136625814064198e-14,6.7094397435352546e-15,0.13242536089793389
-3.7031469418853565e-12,2.656342839462378e-12,6.217038615075478e-13,0.7585762394100063
5.916991342165528e-14,7.439660180814023e-14,-3.7633921771115404e-14,0.29032694921035984
2.4564396264290708e-14,5.04640399101892e-14,4.4416203259602074e-14,0.3059863019885891
-6.531618931956056e-13,8.006147297441799e-14,3.458553344738422e-14,0.7212375944516495
-4.8902375647635536e-14,6.945452147885807e-14,-9.828813110677942e-14,0.6334153865313731
1.2342881727452043e-12,-4.3163118931798125e-13,3.399241891603888e-13,0.8687468125783226
5.342821793635549e-14,-4.0046968582801406e-14,-4.2058084395052375e-14,0.4900687868090754
2.9729590936337556e-13,-3.7347779423810046e-13,-2.0142228823896322e-13,0.5285657844225319
-2.0708679850426315e-12,3.3754441978979475e-12,-6.821217488200054e-12,0.9420821490010554
1.620810658235127e-14,1.6657415535977955e-13,-1.1375529006876505e-14,0.23853712624553247
-1.315561014400693e-13,-2.474538051079355e-13,-6.843569213020735e-14,0.9224040312716871
-6.914604755387089e-15,3.306808787960547e-14,-3.879693045263355e-14,0.302861455343556
-8.165500097547232e-13,1.3945956407506853e-13,1.0074909139408582e-13,0.6520168712368878
-1.5947912023469953e-12,-5.849402480968011e-13,6.532373283851061e-13,0.8235656790384394
4.552145701776077e-13,1.5752365466259043e-13,-1.3750378313701206e-13,0.9082752816646983
-7.499389895492579e-13,6.680544975746738e-13,-3.2008322095960805e-13,0.891209156638222
9.710467751486703e-15,-3.270150427487411e-13,7.061389951409973e-13,0.8319505970466308
-4.548325961845285e-13,-1.7587913487810364e-13,-3.840969285223041e-14,0.8818004022015651
5.86898709699384e-13,-1.2485615679266826e-12,4.870853432369209e-13,0.838427835042897
-4.793985415010394e-13,1.381014248272798e-13,1.3326263513890057e-13,0.4698605154064085
-1.837032509572865e-12,-6.678040937222025e-13,9.615142340201934e-13,0.7718196663705874
6.425008341545953e-13,-5.715133757030618e-13,9.147923424775146e-14,-0.0059002458236239175
-2.0253504705306161e-13,1.884576256738126e-13,2.984637144018044e-14,0.7377550089103815
6.143851672397112e-13,4.2512686188848455e-13,2.1145472539930764e-14,0.9849494111854034
-1.6338149352820777e-13,2.1294228061743304e-13,-4.819322340858809e-13,0.7614482525809305
8.832335822161481e-13,-3.7035329023794547e-13,-7.510953369424694e-14,0.6062233785198139
-4.038459158695682e-14,-4.8430385181330914e-14,-5.958342941160011e-14,0.6755568395845735
3.3491551875661617e-13,2.837202619451573e-13,-1.0327002225682774e-14,0.5448657002769393
4.4464985727941743e-13,-5.323693126757926e-13,-8.162653766270019e-14,0.8780702580892568
9.497434364762498e-13,1.922434964094946e-12,-2.2252011443237485e-13,0.8645614931486958
-1.3843957760957307e-13,6.94818247172941e-14,-4.063137116383768e-14,0.8134855440616314
-3.878530932643497e-14,-1.0116829249554722e-13,1.1234014333177811e-13,0.8526935634129498
-2.745427073250383e-14,1.0910134247169795e-15,5.660423448187989e-14,0.8730120088233061
2.6212286234337275e-13,1.7824779168618034e-12,3.1640878096678996e-13,0.30327490046638117
-9.765831911890976e-13,-3.0183766862178806e-14,-8.636665715863086e-14,0.8548688192286783
3.4720443404326964e-13,-6.432968722332551e-13,-1.7296835621573744e-13,0.6115048915595692
8.705549384424468e-12,3.113680615811447e-12,-3.890119309430381e-12,0.9367731847556551
7.775750923465618e-15,4.522490606915132e-14,7.331186764133683e-14,0.537481716950065
-4.0964147171163526e-16,5.019982379500942e-16,2.057189547095674e-15,-0.29586434462804734
-8.915577254746276e-13,-1.3934232200523615e-12,6.066337252374677e-13,0.8728761483450912
-2.2606080816888278e-14,-7.378712834702232e-14,-1.0242247518003863e-13,0.9651184521531567
-1.7910851679567628e-13,-1.293321337910768e-13,-1.1701280741879942e-13,0.5337298396226211
-1.1517095900866547e-13,2.0267709896964259e-13,2.896205649638833e-14,0.5436594553191307
-2.4087564144143265e-13,-3.3541679680588636e-13,1.681610840911083e-15,0.9521239202905197
3.813613140170191e-13,-6.431797971044963e-14,-1.3984712906768695e-13,0.4594823669996436
7.076160503066056e-13,2.68582186949116e-13,-7.726759923320227e-15,0.9520448976911821
-2.1489528027261272e-15,3.994641976364177e-14,-8.051910032452685e-14,0.6922096724370547
-3.979657021952337e-14,-5.762429222662778e-14,-4.2862283527457126e-14,0.39024023322463985
2.2542833383389056e-14,-3.6598166803607197e-13,-1.0490629375814239e-13,0.7010830269551606
-2.9305434233312936e-13,-5.977939598936679e-13,1.4179146052927484e-13,0.8310086801258794
-6.293985828052039e-13,4.316369648636986e-14,1.5738406717439474e-13,0.8954497711143524
1.22371187372983e-13,-6.158206282634079e-14,-5.752640285468318e-14,0.5265718788613507
-1.2222700489329643e-13,-1.9448434863200996e-13,-5.980309699422738e-14,0.871402052133277
8.897738203157623e-14,6.62665322056404e-14,-9.462007019364423e-14,0.6909990658710072
-4.537365171990245e-13,-4.643364673887953e-13,1.6427336094416418e-13,0.8836264991848873
1.2681223060845428e-13,2.4465640824929167e-14,-6.720140607484498e-14,0.24430564794182041
-4.596959245988132e-13,3.7528722310606495e-13,-2.438502692606759e-13,0.6181346822283329
6.694564914274287e-14,1.594346061520063e-14,3.602701720080688e-15,0.9126662450528131
1.1749232559419122e-14,2.318412446112879e-14,-8.296158693181646e-14,0.5048857429257705
-2.463873929604578e-12,1.7273785744283851e-12,5.9279816997076e-13,0.926404275331594
-6.029547580411131e-14,-4.775570216245397e-13,2.1189329522721288e-13,0.405476453831357
5.937623023555358e-13,-2.0555521867049878e-14,1.229857553718669e-13,0.384543074877965
-1.2609267670419334e-14,-7.103852384660617e-14,8.294903244388185e-15,0.3760088336745955
-5.3179388115880275e-14,3.83664629702176e-13,3.221162910717806e-13,0.8566046510292551
-3.1000237218770936e-13,2.8685758724339763e-13,2.1635626316043073e-13,0.8151455214581638
-5.735587594415689e-13,-4.2502658632749037e-13,-1.2869733623976945e-14,0.9095709303844609
-8.929879919640436e-15,-4.5717543427644886e-14,-1.0451631828616825e-15,0.6629737217230592
8.075633692334859e-14,-7.398068036478266e-14,-9.760297902911387e-14,0.3542660601333564
-1.1059743668165575e-12,1.6160256783123678e-13,-1.0853531521374135e-12,0.7428721400067111
-7.765509947592209e-15,2.0240603151500812e-14,9.596240122646616e-14,0.7973410691511397
2.844874561457858e-13,1.2005195127464444e-12,-6.005470074219649e-13,0.6891447592955555
-6.539987533537508e-14,-3.003377263215201e-13,3.633177095410407e-15,0.7147922626850722
-4.900228999698283e-13,8.270928634800251e-16,5.067172785600568e-13,0.787861880027804
-2.765091219085048e-13,1.791617733238956e-13,2.4751798159753666e-13,0.4696273100580538
2.921130745023426e-13,1.0912819503505358e-13,4.0452696890885024e-13,0.6596622950933799
-2.97164949703585e-13,1.0096010482602048e-12,3.1730480672057335e-13,0.22130374009854514
-7.236268491935957e-13,7.304061615859882e-13,-1.7843587266019522e-13,0.8030634433366688
-1.1067880207828216e-11,-1.2659667920485438e-11,-2.554998893300881e-12,0.8104179517277889
-1.1182052766196534e-13,7.672775608621839e-14,2.941528157553658e-14,0.8432442470861627
-9.820587150103725e-14,-8.049674705346289e-14,2.7510642470739857e-14,0.25294735333417495
-6.960193854127871e-13,-5.388702507536789e-14,3.720706143574182e-14,0.8356614396836202
1.4964831395792485e-13,4.0546896148498825e-12,2.8092101160016437e-12,0.3631867561490084
-5.589563250048017e-13,1.0970758633580209e-14,-1.0596557227342327e-13,0.30391307401675405
-1.1227354039640328e-12,-1.5995547916074198e-12,3.467674070124243e-13,0.627283695687757
-1.053334963052474e-11,-1.2198477054462485e-11,4.208194720536863e-12,0.9466740310401156
1.5242510694770656e-12,2.0464581380393224e-13,-1.682194872214526e-12,0.912518091590421
-1.0383132411010141e-14,-9.661254257567796e-15,3.992332199090574e-14,0.7032816925169825
-1.0356677671223028e-13,-7.488078658401446e-14,-1.3859877404496604e-14,0.6537882269501553
-5.2410555358729387e-14,-1.2595460389286048e-13,6.62118956637231e-14,0.4709923417288322
6.690557873696939e-14,1.6930178591193274e-15,-4.752955720936248e-14,0.3564678653460278
1.5027908733903245e-12,-4.125187421817837e-13,-7.805162379164462e-13,0.9751482311248797
3.6326694154238176e-14,-3.697708113229615e-14,-5.8565671909237326e-15,0.9230684851734897
8.38833074711687e-13,2.960877913254684e-12,-2.9806416015935364e-13,0.7983506776327829
-1.1785188593327438e-13,-4.305903251503707e-14,1.481994722790365e-14,0.3927906768917617
-2.127489828870748e-14,1.9738108678565027e-14,7.545009838332485e-16,0.6635568969625327
2.8852686013799715e-14,-1.894003692614772e-14,4.669613823705543e-14,0.6506836378804043
1.2427295219046486e-13,-1.1621728080941445e-13,-1.16975379158597e-13,0.60444517202609
-3.6965485636483717e-13,-1.0218870055674378e-12,-2.2268196125255735e-13,0.8533926838924878
-7.907666851295054e-14,-5.7752095419753924e-15,-3.361273647611465e-14,0.517120117338338
-4.398903435124934e-15,-2.0185698651402907e-14,-7.822029315531104e-15,0.6039502206494558
3.6762157423847524e-13,-1.176652509338595e-13,-3.286122538201244e-13,0.5615049503573639
7.870355406022575e-13,-9.957148676329295e-13,2.2230912633106966e-13,0.8644978291756337
5.336719957310751e-13,-6.023609061307062e-13,2.1801536283783284e-13,0.8123538163636193
-4.966210192426739e-13,4.851545703531821e-13,-9.782529581379797e-14,0.8895961592531673
4.575194548549488e-14,-3.887539703415456e-14,5.1198217524154663e-14,0.6184722074867678
3.6838523999185977e-13,-1.5948088498276507e-13,-6.442635911954859e-13,0.8217190062624995
-9.145506014866954e-14,-1.6515809206805944e-12,-2.1396385265857122e-14,0.49523551115519826
4.436141464732694e-14,-1.736184303130894e-14,1.5227826217793387e-14,0.5521241045411965
-3.6764423987071035e-13,-8.653779261677693e-13,-3.3019347020200703e-13,0.8708983033333587
-2.2991614868075375e-13,-1.2536238631740165e-14,-3.051586416590651e-14,0.737692046424514
1.299019108609773e-13,-7.16170838831332e-14,-1.296249305510996e-13,0.7787467240348995
3.1311032825221184e-13,1.6009745500414033e-13,-8.136422100527346e-14,0.7187054813210492
2.2693525519590287e-12,-3.338053282403196e-12,-2.658027437877215e-12,0.369747946041748
-8.001931688460448e-14,2.7336846412918906e-13,-1.5381898069635465e-12,0.6177538563334988
-1.4419071055085824e-12,9.533298249420894e-14,-6.438423770979338e-13,0.4786647883352526
8.387494908920598e-13,3.408261330622196e-13,8.163301262973517e-14,0.8303475563463942
-3.1133219304898984e-14,2.848691051258181e-15,-7.890263325475599e-14,0.8280610710485481
1.6325244709667937e-13,-3.2388689515476177e-14,-1.7240097064431141e-13,0.6084808886979832
3.4888965674563885e-12,1.9898085089827747e-12,-1.9953097898864894e-12,0.06065612239973761
6.744508361405202e-14,-5.773701899854909e-15,-9.936603953464726e-14,0.5489241530484232
1.7223305243909426e-13,1.0880561294229009e-13,1.8466582709262596e-13,0.8540761662190528
1.5365690811614085e-13,1.6101658034538344e-13,-2.518969794408368e-13,0.3316835878323322
-7.649878584106831e-13,-8.238297193268413e-13,-8.391998254255287e-13,0.5323508423138497
-2.6822663994107628e-14,-7.798916398195559e-14,1.2106829582558822e-13,0.4023521336544996
2.590143973884756e-14,-1.2742121546997525e-13,1.0710766664728562e-13,0.7294740682281999
2.4779985468061927e-14,2.5326620704393896e-14,6.864955887642173e-15,0.21170202516927106
-1.4463634251610019e-13,-1.009135686890594e-12,-7.475932856257605e-13,0.8730116725637024
