mx_iterative,my_iterative,mz_iterative,r_2_iterative
1.6329978300546595e-13,3.552248553623831e-13,-4.455690020966785e-13,0.9999689945950799
6.852192069339545e-13,1.0632241107802638e-12,-5.2445620632697053e-14,0.9985475689067959
-4.653508345648934e-14,-2.9234613609901085e-13,3.192171718740328e-13,0.9988376062785799
2.7753184184402118e-14,-1.0366229500106946e-14,8.684819322198447e-14,0.9997982329298736
2.44545731812549e-14,8.080788510286785e-14,-3.891999643190652e-14,0.9999048936879282
1.8568553254869677e-13,3.2695569265943485e-13,-8.808589739662179e-14,0.9998576832608889
-5.168911403356533e-14,5.580289918304114e-13,-5.241370522797247e-13,0.9979133646727855
-4.88700246333589e-13,5.896085465194064e-13,-3.410497843707343e-13,0.9985171320914732
1.0706324985335497e-13,2.338683626563398e-14,-6.571538962689262e-14,0.9998151241309025
4.298479826247514e-14,5.883915510846285e-14,1.2412545637649684e-13,0.9999470780027238
-6.57552580168689e-14,1.0212394957515836e-13,-2.0208115370621398e-13,0.9985574246523835
-1.0388431065760469e-13,4.6957924011298385e-14,-1.8846880993210763e-14,0.999848099949448
-4.471446839619148e-16,-6.453266919623245e-14,-5.4942094531958884e-14,0.999833722226301
5.645353259830812e-14,9.841395980121345e-14,-8.908092494389409e-14,0.996082632557301
1.573375235269261e-14,-4.883858477465105e-15,-1.0978420958270042e-13,0.9995855816774908
-6.128188590782904e-14,1.235800551895015e-13,-4.7776990681058845e-14,0.9999201518711243
-2.6802083667323138e-14,3.77788277360367e-14,1.0179612588708602e-13,0.9999476160839664
-8.219846731150355e-14,7.581839590513147e-14,1.3926313210009779e-13,0.9998932333283177
-2.0845792314774191e-13,-7.904346888088923e-14,3.8123957810612854e-13,0.9625500110609717
1.6656880700538966e-15,6.996725055905912e-14,-2.340532141154389e-13,0.9999668384148301
-2.440570078855288e-14,1.7842580333552206e-13,1.3250498409380594e-13,0.9941910935889373
7.435119024426288e-14,1.2401089954364814e-13,-9.117157015820085e-14,0.9996650577157246
2.363014751114614e-14,-2.7847631125966947e-14,5.4711288153125926e-14,0.9992673372357096
1.3134857868998534e-13,1.0344287557104228e-13,-8.314069866963013e-14,0.9990142719127018
8.337775147029054e-14,3.73082547061793e-14,-1.224616805835237e-13,0.9998436053214423
-3.67483539414226e-14,3.37092566918602e-14,5.066554458315823e-14,0.9999526572941706
-5.374169932075447e-15,1.5977712467051432e-13,2.621762323772356e-14,0.9996978432908068
-1.243060569966012e-13,-2.8263172217115523e-15,-7.022372453164613e-14,0.9992726610386449
2.4382098819158222e-14,6.411507323215584e-14,-4.9229873298955715e-14,0.9997670558200275
1.038835414442562e-13,-2.3719454320613913e-14,8.814273637880233e-14,0.9982358749199212
-1.3303105244454963e-13,-1.0094128029461268e-13,-3.5868731919696387e-13,0.9945950652405109
-1.1589816653400088e-13,5.339841690301865e-14,-1.1849744976917897e-14,0.9307949386215971
2.2792618437193916e-14,1.8839461243972025e-13,-4.0746431489320646e-14,0.9999514671089953
2.0121049550994789e-13,3.5612818700116913e-13,-2.844070175052332e-13,0.9944912767670124
1.34663794435557e-13,3.472562868605544e-14,-5.0408983886512264e-14,0.9929905204399347
6.299287260798802e-14,1.493563066969664e-13,-7.22827257583198e-14,0.9997326321229222
2.6063282521449135e-14,8.661519533331118e-14,-9.59730142444057e-14,0.9996904227664553
3.9972823452414413e-14,7.001156970155508e-14,-4.621838913484555e-14,0.9993750967443922
3.1295497149508755e-14,3.985772176894512e-14,-3.3852886228451783e-14,0.9993188291113922
9.82615357844987e-15,1.94905781020077e-13,1.0279895343201698e-13,0.9994468333465795
4.298335026691677e-14,1.0404497062285274e-13,3.2197951047537863e-14,0.9983266415453504
1.0250062106020669e-13,1.4866802321018965e-13,-1.6202977256743818e-13,0.9954104319308533
9.959755719238998e-14,1.0946922025607633e-13,-9.71276321692457e-14,0.9933625658196743
-4.573581079078439e-14,-2.095865593990545e-14,-3.743163601660142e-14,0.9986283405176261
7.188830453463648e-14,5.851451025539163e-14,-1.2569277508078337e-13,0.9835837665396184
8.440427379993777e-14,1.3829067678209764e-14,-2.269138729858276e-14,0.9899530669311718
7.180139277145895e-14,7.805623309617416e-14,-4.728288092774047e-14,0.9997893978079267
1.5698560460283054e-13,3.78974153238425e-14,-6.399759038097318e-14,0.9916653314724817
3.118087793738083e-14,5.013178164579753e-14,-1.592288637108151e-14,0.9962280191730909
1.3621028806186392e-13,2.2459576773381753e-13,-1.0515772216357323e-13,0.999771416327264
1.1358401963778145e-13,2.6859748583707416e-14,-1.052217381702927e-13,0.9995499851075075
2.2456378531607584e-13,1.645924307772967e-13,-1.744941348444407e-15,0.9996839852249255
-3.690882871959823e-15,-2.8219872952388194e-15,-5.1311789385068224e-14,0.9992674607205988
3.025537060968831e-14,-2.2246743055730832e-14,5.47425479372054e-14,0.9981120279203265
4.2046916981071795e-14,4.9109702694791106e-14,-5.782433345177918e-15,0.9949741325313792
-3.4791627343683914e-13,3.0458463628481085e-13,-1.0250530767960088e-13,0.9399040584605538
7.505996025295888e-14,1.0023337119286952e-13,-5.027444311744308e-14,0.9693403561781362
3.243318800072456e-14,7.933218013406289e-15,-4.182324747002237e-14,0.9998916724267746
-3.106445507055781e-14,-1.869261261297964e-14,-8.011691954579415e-14,0.9860775231907334
-6.149597951110895e-14,-6.085773582050227e-14,-2.856149603870541e-13,0.9988026358012961
-4.1557437709307195e-14,1.8402758312711277e-14,-7.445925507459717e-14,0.9981036471351066
-3.188038805494401e-14,-1.5148729369977423e-14,-6.403240502189056e-14,0.9994477033138429
-6.910158080075966e-14,4.8937776490598877e-14,-7.876759397600274e-15,0.9443555007324685
1.8610908542630822e-14,4.982864058113032e-14,5.224207766309955e-15,0.9888346479179259
2.718177230203756e-15,2.873259881022584e-14,-6.880607501346717e-14,0.9995911437966263
-2.4521642676159945e-15,2.235703918228806e-14,-4.293543374602702e-14,0.9990201839512756
-1.3321787735760956e-13,3.506585335906791e-13,1.3673639889154968e-13,0.9985226876868879
1.0349536227093502e-14,-2.7967497015766214e-14,-2.4537217592209766e-13,0.986219983249988
2.4630500495451077e-14,1.7322617141764712e-13,-9.934479351814227e-14,0.9943398906436759
2.5328639411214222e-14,-4.274412011501751e-14,3.623632339049002e-14,0.9918268564625796
-2.7593095474398797e-15,7.422148916526796e-14,2.5125849023233347e-14,0.9264865684590996
-9.285609302360055e-15,-1.2864267611922064e-14,-5.295504651563017e-14,0.9964828722941093
5.562641680292768e-14,5.668721719573399e-14,-6.432621947399608e-14,0.9841287126144227
-1.5427666507969424e-14,2.686695674376487e-14,7.396115293053215e-14,0.9991187163281223
5.283611851486429e-14,3.8455647720414307e-13,-5.800531521482733e-13,0.9999785036544073
2.784230812785555e-14,1.784357162818122e-14,-1.0607308216122014e-14,0.9835998907610722
1.4359550196353164e-15,6.394962849694714e-14,-3.468524500147595e-14,0.9999495004774085
-6.048047559039584e-14,1.703657093336106e-15,1.5408672639165685e-14,0.9052167443680524
4.16068221244399e-14,4.222660629213376e-14,-2.8589170973875886e-14,0.9971090431494329
4.7962756598085025e-14,-1.7370588877009252e-14,2.0466094356696723e-14,0.9987548748583522
1.400795778338946e-14,3.0017606397312625e-14,-4.4261479517101565e-14,0.9820419720492303
-6.39360188695952e-14,-3.786219489247595e-14,5.235666540163656e-14,0.9805706160398722
4.4167847172863506e-14,4.155342877338351e-14,-1.6803746613479348e-13,0.9990028385647863
3.432176637550083e-14,1.3177964166007795e-14,1.5440645761653975e-14,0.9981107541252187
-2.8215427821680016e-14,5.033930518712714e-14,-1.7200328372103063e-14,0.9980772400715419
2.0424578229683162e-14,4.1496415273551455e-14,-2.3403238975833853e-14,0.99964338581389
9.496753543074031e-14,1.0892333584147315e-13,-5.1892502573865396e-14,0.9998081443485888
2.838084217622837e-15,5.187368870034043e-15,5.75323139038708e-14,0.999514160472159
-4.594673875044903e-14,1.5983969845255185e-13,8.97771747491758e-14,0.9939676454176815
-5.866584961371376e-15,1.022713175743699e-13,-2.0008832085918868e-13,0.9830470547454558
8.994699233056149e-15,4.22641928892469e-16,-3.4433483622465915e-14,0.9994767552155365
3.38726132551878e-14,1.9650536844324944e-14,1.842176558030105e-14,0.9995407744930194
1.9704550193212535e-14,3.703276669057135e-14,-2.124741588566353e-14,0.9976757425482745
5.93587793368348e-14,-3.613068768047033e-15,-7.128200083237344e-15,0.9737654156948589
7.26337448121804e-14,-3.966985039853147e-14,2.675557593111683e-14,0.9073075970963098
4.039958204136854e-15,3.748526788114996e-14,-2.958978977744275e-14,0.955165350716937
8.956325671418074e-14,1.699234324581319e-13,-5.030908016834287e-14,0.992310741372057
-1.267104825426747e-13,1.3081699628039103e-13,-8.633741310453318e-14,0.9974812724409453
1.9577878204729733e-14,5.103271727520634e-14,3.987229906533126e-14,0.9994643638757675
-2.5880050287251878e-14,6.960278725956377e-14,-4.0948174281133176e-14,0.9973583682973283
1.3340529704421886e-13,-1.8656085625099652e-14,-5.608725063717981e-14,0.9998233694682206
-5.003172549048711e-15,7.458022015429946e-14,-4.0197052663851666e-14,0.9811030113612171
1.4826277038246078e-13,2.46329759390493e-13,-9.723431585860664e-14,0.9988979560786415
-9.099058733584807e-15,-1.924295125966758e-14,-2.9623115154394643e-14,0.9989617600521801
9.676898089451066e-15,1.9782427144005792e-14,-2.978379374551613e-14,0.9963977368864433
3.742516461678261e-14,6.941517677835891e-14,6.201613817489791e-14,0.9859629962374976
-8.645608334944628e-14,3.3659866777092303e-14,2.2616012940251887e-14,0.9980887336699162
6.047133977212778e-14,2.0576267933802184e-14,-1.0629832847556835e-13,0.9284879010596399
3.327732322709447e-14,6.209499964894597e-14,-1.0686342368227848e-13,0.9964080346509162
2.1928415298711382e-14,4.1344716052009827e-14,1.1268932966564874e-14,0.9962570214675
3.0307694822994574e-14,1.275609381758332e-14,2.031220437964877e-14,0.9983026283279336
1.9357576848827183e-14,3.4153420550337174e-14,-1.9453790574677806e-14,0.9988340962541459
2.3972912458748103e-14,1.8219021976392207e-14,-1.0628805894943872e-14,0.9935214535338702
6.468046955967802e-14,-2.448853640175033e-14,9.241589509196946e-14,0.9972280661659904
3.2029108263334386e-14,7.501973809292476e-14,-3.261290483694175e-14,0.9964904087422092
2.323206210855551e-14,-4.145043858395235e-14,-3.2470059344344344e-14,0.9998390702869414
1.6090394925973937e-13,3.3477134221964934e-14,8.564800600356526e-15,0.9942393686821964
-1.3781409852600413e-14,2.6337751244461443e-14,-1.152161149811396e-14,0.9698614550234403
6.065108881870644e-13,3.5661505549186334e-13,-1.5988572783400138e-13,0.999197840322154
6.8004410353545294e-15,2.1772805212442846e-14,-2.2057336658958858e-14,0.9998047765404449
4.777482800500933e-14,5.5209059330695475e-14,-3.6492772108501056e-14,0.9840812982828091
1.8398122929378483e-14,3.2853030603935965e-14,-2.4611455047383418e-14,0.9997822557318812
-3.7816364067575215e-14,4.379015508291212e-14,-2.0684584608653837e-14,0.9997796838321005
8.223780282893455e-15,3.288971400559949e-14,-4.2335724541745367e-14,0.9960089344622101
-5.90213956623423e-14,-1.541224959568605e-13,1.286426806790173e-13,0.998565869666334
-2.2907430417328266e-14,9.311520479532126e-15,-5.337019205083656e-15,0.11369868191643195
1.5805847525246206e-13,3.5594628430974097e-13,8.622172606171889e-15,0.9139226283141053
6.165130174159197e-15,2.35893083741522e-14,4.2281919897304515e-14,0.9970041815919698
9.695113712144268e-15,-2.6292529757772367e-14,-3.35405174490228e-14,0.9516552545482999
2.4930173732870076e-13,2.1769382905017995e-13,1.7439152986296758e-13,0.9612508328948568
6.613097367664434e-14,-4.559200948204199e-14,-3.7926156345110074e-14,0.9997420001523982
6.150106696173975e-14,1.2279515930100563e-13,-7.692093222763758e-14,0.9993584290953583
1.2647702931098185e-14,6.703189795366581e-14,-3.6452419240650885e-14,0.9909345189830463
3.574151448816304e-14,1.6578080275434574e-14,-2.7928512754647835e-14,0.9963002900630263
4.634699068051605e-15,1.207374013919745e-14,3.78353320040926e-14,0.9948162422395318
-1.3951829980790529e-14,6.783467989531181e-14,9.110999118796507e-14,0.9982595928883929
1.6237708804880895e-14,3.431896238819766e-14,-2.775448330571065e-14,0.9995632333228137
-9.367606452451563e-15,-5.0679374781361473e-14,2.1465989175002454e-14,0.9994300952074291
3.631223821562666e-14,5.849476061421322e-14,-3.760157195676198e-14,0.9982472873605434
1.715869060925106e-14,-1.3930091389494458e-14,-3.4852164804313806e-14,0.9896920667673964
9.316791206217045e-14,4.282291926944734e-14,-2.0372954818737618e-14,0.9981339398545559
-6.014182461389136e-14,1.1573801584145625e-13,-1.5079186796834883e-13,0.9998601514117847
-7.101783733185546e-14,-2.2917617669196678e-14,5.486016256711123e-14,0.9959657571864062
5.6506501461899434e-15,2.399598666057266e-14,-3.121310168556179e-14,0.998999306456767
6.321483673551503e-14,2.195473121556923e-14,-9.773353145604611e-14,0.9922339198029567
3.877215912666801e-14,-5.3080082791323487e-14,-1.7924232003019686e-14,0.999881363969753
-9.610897553777335e-15,-7.887089239007487e-16,-3.6027859175053927e-14,0.9993212704007345
-1.322955298987082e-13,6.003559618719448e-14,1.0398040783291056e-14,0.9929350320943848
8.748483026152198e-14,7.114198776118817e-14,-7.077552256458329e-15,0.9814622861432579
-2.1939121324801796e-14,2.894480517960635e-14,-2.569523572314689e-14,0.949254469024338
-8.130768621069402e-15,7.065662538340012e-17,-1.5077404788252183e-14,0.9923283060473732
2.6306464206700865e-14,-2.0772700048656565e-15,7.953586780853312e-15,0.9930205073113224
1.0818499491671198e-13,-2.3912092468023455e-14,-2.4633534254756204e-14,0.9987844450132591
-9.831137689240591e-15,-2.0064700876730426e-15,-6.461584189425857e-14,0.993178830608674
1.9555011181915993e-13,-5.13410332056538e-15,4.058875929791822e-14,0.9997683530296937
2.3819166065418687e-14,-6.4492548085911034e-15,1.821520435955676e-14,0.9940554870821249
6.502563629178023e-14,5.5067999404281e-14,1.189980949492983e-14,0.9999398162133736
-2.6853275739863102e-14,5.5636290316483134e-14,9.217763315484492e-15,0.9519258046163658
-6.392416801668474e-14,2.8715092647479944e-14,1.1688746679228914e-14,0.9820131160833722
5.9517320196661255e-15,-6.84449251036386e-15,4.722961688092383e-15,0.9220542732163266
-5.587196277729262e-14,6.308881388390763e-14,6.681366825383397e-14,0.999878892937746
-1.8067331300021286e-14,1.6388007227113243e-14,2.100903907109765e-15,0.997287167592021
2.3608910514146507e-14,2.2736779128461384e-14,-2.882776360192502e-14,0.9988977223928098
1.4494114823910857e-14,-1.559705082867653e-14,2.7101334612299563e-15,0.9995704489355847
-4.1397103237830686e-14,-1.7811233261502766e-15,-5.843405899069625e-14,0.876624735132626
-2.2395214610157027e-14,-1.0289578995176729e-13,6.414398097688678e-14,0.9975342754140235
4.219696938524477e-15,1.1012319932174127e-14,-2.1356855021657717e-14,0.9994836473705903
5.251987466434199e-14,1.3467710312324911e-13,-7.624157791072431e-14,0.9988994855670853
2.1813996528074097e-13,2.739331411723467e-13,6.004134427677137e-14,0.9856060475775115
-2.0139114413464857e-14,-4.448668874968231e-14,3.700652232492007e-14,0.9963612649741554
6.825487516736574e-14,3.680781856887406e-14,-9.839490596096329e-14,0.9905448349672211
-4.388068961862272e-15,-2.086517638086434e-14,2.2458162862145458e-14,0.9929772273501725
1.1727754370339776e-13,2.04413005938857e-13,-1.1659022392351444e-13,0.9997634432590415
1.7135764277167745e-14,5.454725219171823e-14,-2.584274373502618e-14,0.9998017706975891
7.424275722447992e-14,-1.0027684015186215e-15,3.787058563719416e-15,0.9991719883386981
-9.024773070794002e-15,-2.207293851054921e-14,-4.6684785641872806e-14,0.999333873571584
1.706354253739629e-14,2.990085725982938e-14,-8.869359839267922e-15,0.998555627430269
-3.0852165662793615e-15,1.953088968333301e-14,6.018333741945113e-16,0.9951344611059968
9.331701576891785e-14,3.3365768354454666e-14,-7.835746423722348e-14,0.9987244299077067
-4.808015802425517e-16,-2.236409618576618e-14,8.449705005540355e-15,0.9967545143606757
3.031582053535152e-14,2.1538206212628896e-14,-8.738683186422728e-15,0.9923014837183995
6.204745238635427e-15,6.006482625054657e-14,-7.595395726484664e-14,0.9934235196381792
3.449260570216062e-14,-2.6950185362326697e-15,-1.134697467387606e-14,0.9927583103554716
1.660333827166273e-14,1.7503511803314055e-14,5.6293026379858035e-15,0.9987066778915621
3.6062699877737376e-14,1.6415243985978893e-14,1.7984039609336392e-15,0.9927695279712597
8.81385475273268e-15,1.0643219049103596e-14,-8.365216788758577e-15,0.9980950358580559
4.886171709709326e-14,2.4083089546030585e-14,-5.839609396216921e-14,0.9949981437716559
1.900786315362339e-14,2.108831165032785e-15,-1.3420339750386285e-14,0.8127784332615842
3.265859432449522e-14,-8.53661527544397e-15,-1.785080230848523e-14,0.9738656008235028
-8.598150730917628e-15,1.080483445370058e-15,-1.7351517276778905e-14,0.9867588114058047
2.851603346143069e-14,7.77874835362381e-15,-3.0038084750151035e-14,0.8815054124742697
8.390976690392853e-15,2.2785132678964786e-14,1.2491884450027603e-14,0.9361359129052595
2.4433985617239863e-14,-1.347023376770642e-14,-1.2802921486118691e-14,0.9982629010546112
3.29925534505522e-14,6.372113748564818e-14,-1.79577215060597e-14,0.9795187306445718
3.3502413191751595e-15,7.29472806597459e-15,-1.3428396969190768e-14,0.9950260819218243
1.7468860575498965e-14,-1.8451136521788183e-15,-2.3505686077864998e-15,0.9906891810455037
-7.034004040586509e-14,1.046785022721917e-13,3.030102906219988e-14,0.9502699222362401
-1.4746995354600863e-13,1.1450296802710807e-14,-1.489098266831065e-13,0.9862651724351955
-4.6498534245147806e-14,9.79708718171682e-14,-9.906146437674622e-14,0.9602084572159032
3.578785112934778e-15,-4.9770983577224385e-15,-1.4541708820565823e-14,0.9972421488019214
4.7408991181389544e-15,-1.2527315592472271e-14,8.9438902632798e-15,0.9982497376348851
2.5378715531297592e-14,7.700620188341358e-14,-7.060649232270962e-14,0.9553708324237387
1.6703068765970805e-13,1.919042228084049e-13,7.350088298829106e-15,0.9981301757416697
1.4989393785616273e-14,7.848272022323034e-15,-4.8643842696400566e-15,0.9699967498935408
8.170921916780395e-15,6.633772649778561e-15,-9.408144187799864e-15,0.9970499495686502
6.643830561918996e-15,3.335889610801835e-14,-1.487215286488987e-14,0.9403568657450742
6.921650442785061e-15,1.3819517712282463e-14,-9.114315974527441e-15,0.9996924202705136
-3.4607125952240805e-14,4.023200824583213e-14,5.4172421140204215e-14,0.9962282296818367
5.8521820574323966e-15,2.2411422770937915e-14,5.361284235793848e-15,0.9937573588680093
3.67464344924964e-14,-9.090543815756373e-14,-9.162001320793243e-14,0.9910309937866647
4.3122661728243045e-14,4.9474392260078537e-14,-4.9432269608560396e-14,0.9971949223687165
-1.3849092103593738e-14,2.432429992207423e-15,-3.096850638260703e-14,0.9998424852806291
5.3538562773867996e-14,-1.518119734831083e-14,1.1835269431216754e-14,0.9642383667774336
9.608930640415227e-14,-5.4091434740815174e-14,-3.2840604653151094e-14,0.9994683227948912
2.638464107424669e-14,-5.4913621247425e-15,-1.474180475779628e-14,0.9865394808699339
-9.359957145268009e-15,2.148720869259343e-14,9.21444866244994e-15,0.9967350531648004
6.268509096061102e-15,-1.619995541440611e-14,-5.526224378369985e-15,0.9972765866555908
-2.5208253592339614e-14,-3.232001430345193e-14,5.2198702198427076e-15,0.9731917605827188
8.092435432268221e-15,-4.3423767321678516e-14,6.49580509898207e-14,0.988483444432368
2.354341224415457e-15,1.8797702942701047e-14,-1.1660270097557658e-14,0.9942265343465992
-1.4683421760228422e-14,-1.2480169792306013e-14,-1.714401956174988e-14,0.9991837108797602
2.7764726252261108e-14,6.132284726486941e-14,-7.423620532604924e-15,0.9708836510952584
-1.2597462823022657e-14,4.312383957881959e-15,-8.89236051119526e-15,0.9884777866742204
1.6769461680310063e-16,-7.765101228176433e-15,-1.931164388895767e-14,0.9037985558800891
1.8283556049250318e-13,2.0933266367733027e-13,1.1557989894585246e-13,0.9991748354339928
6.039205227167237e-14,2.3808756116165913e-14,-5.365229788800357e-14,0.9862804028513265
-1.0984726395064671e-13,-1.5266515151144964e-14,-3.2730568883960026e-14,0.9994468889507171
1.4125290992483933e-14,2.991779938193513e-15,-1.2325780673263532e-14,0.9986696988823704
-8.77085298002261e-15,-3.150005803387207e-14,-4.5097247831517696e-14,0.9737542953332584
-7.397150517781719e-15,1.1428485849409272e-14,3.3593594787498605e-15,0.9958967845297877
9.287717528614175e-15,2.9615022937880584e-14,-1.4329065481016834e-14,0.9992076247883962
-9.519654963035502e-14,1.2316589869626932e-13,4.946373222901706e-14,0.9618014462214797
1.9506160099258785e-13,8.386953499533094e-14,3.253470516448954e-14,0.9999675603814016
4.903922073941153e-14,9.933608634144166e-14,-1.5426903548877848e-13,0.9948594085688904
3.8383696087499164e-14,2.011399678421836e-15,3.2901599002922704e-14,0.99206324692817
1.1443904707847605e-13,1.1585458511246805e-14,3.5694484711972e-14,0.531897145737237
-2.9843946632053027e-15,4.5340049998202894e-15,-9.390411863917141e-15,0.9553932739180898
-1.0241724808136608e-13,1.716263247423555e-13,-3.8435560143554064e-14,0.9997659067236863
-3.679035286658595e-14,1.625528785355489e-14,-3.496672113493597e-14,0.9971996359557601
-1.5399938386226241e-15,8.46204471584453e-15,1.0227127943041894e-14,0.9992265158665244
1.744387575235913e-13,5.795159085658378e-14,8.02704607441871e-14,0.9886242685308961
-1.489111932461225e-13,-4.731722276884133e-14,-1.125011348016241e-13,0.9987423800132784
2.214549701535214e-15,8.568606961927474e-15,-6.413557610435842e-15,0.9997402543577604
-1.667206616746586e-14,1.6532492996759826e-14,-1.8247680048436024e-14,0.9958790670330838
1.1146976363909022e-14,3.0021319154603406e-14,7.28547553414745e-15,0.9992214644576562
-4.177041563096929e-14,-5.942564022180913e-14,3.430775170260392e-14,0.9291348302563487
-6.614297449887697e-14,-5.548153568706291e-14,-2.541629947371571e-14,0.9789522339168797
-3.241335737548912e-14,-4.351986190019684e-14,-6.847087306898312e-14,0.9953592296491925
1.0329592927096957e-14,-6.492583774915408e-15,-5.179609730307655e-15,0.94726601831714
5.785497042183037e-14,6.841356729767769e-14,1.3134843913943426e-17,0.8715816982570659
4.0596976402891056e-14,4.989762268807169e-14,-3.7842604259991734e-14,0.998537915069898
7.240174217205786e-14,3.71740783083869e-14,-5.1351372864557305e-14,0.9986147787562515
1.7311966217175985e-14,2.1667713380598044e-14,9.548380086912481e-15,0.9850658253818798
1.060020892041065e-14,1.785416739292887e-14,-1.0837661300122684e-14,0.986273352427071
-1.0266930514446604e-14,-4.619098360177097e-15,-2.1667398190650094e-14,0.9971497365217148
1.6241203039602468e-14,9.041976941309026e-15,-6.588524999576546e-15,0.9540257993128796
5.987711026832019e-15,1.515415096166928e-14,-7.458674352790928e-15,0.9770023468967896
-4.485732112834555e-15,-3.6125985862255827e-14,1.552318242760784e-14,0.9321204573813151
-2.3564775418754585e-14,7.83891204712593e-15,2.2591772177205108e-14,0.9995213486893006
3.073998221113672e-14,9.458416057557102e-14,4.5601076714928375e-15,0.9666394790907918
1.2157263717530476e-14,1.2381614436424951e-14,-1.1315549621647587e-14,0.9880687507735574
-5.5937227534446424e-15,5.978447336065262e-14,2.3138474111656234e-14,0.9903631002580572
-1.736994116423252e-13,-4.013643937568143e-15,6.514522934340727e-14,0.9995414041687926
6.228869154978981e-14,1.3141428857106956e-15,-7.501215397295043e-15,0.9930367869854461
1.3845106507028031e-14,-3.17629514261704e-16,-1.4870272846320101e-15,0.9950649141762529
2.954292700174105e-14,-4.6132507546686317e-14,8.138619591816139e-16,0.9046165624547675
-1.8227925501933062e-14,3.370113831666733e-14,-9.258747191678434e-16,0.9849011786658668
-1.3581251026756718e-14,6.777434799141267e-14,6.644549878136631e-14,0.9995951512619281
-8.183621248427818e-15,2.0319522838611336e-14,-1.7104297277153247e-14,0.9842688687388279
2.89272357273664e-14,-1.759698950289395e-14,-4.741227838398003e-14,0.9868140362428144
7.299253257836246e-15,3.0435044846452974e-14,-2.0378031869160718e-14,0.9961415162716634
3.3450364546682245e-14,1.0110273879618408e-14,6.598020961865059e-15,0.8874130843586274
1.1775596747957772e-13,7.066960006092823e-14,-2.8553850445653396e-13,0.9997032750860392
-1.5405244793175288e-14,-7.62518292884195e-15,-1.4308475541508672e-14,0.9879359417067715
1.1519089433846026e-14,9.147841814792158e-15,9.327548461624554e-15,0.9922785624768348
2.543979350524615e-14,3.2928740975324283e-15,2.6517981676735574e-14,0.9899427104307191
7.428594053831444e-14,1.5606742880195034e-13,-1.0943516731533242e-13,0.9988697693406129
-1.2030533372757423e-14,1.2292378168692898e-14,-4.340419340766026e-14,0.9992040363269736
-1.0291021617107181e-14,-1.4791681978453763e-14,-3.394137589454481e-15,0.9747009579743309
9.550358578296588e-15,-4.357596825165554e-14,3.2661572758647865e-14,0.9982008261090262
-9.294328540693007e-15,2.618526171022956e-15,9.416738566190727e-15,0.9392121380293101
-2.2100090359286022e-14,1.0378235520994581e-14,-7.467615985052727e-15,0.9888088142540059
1.1976821326017459e-14,2.0436184781569178e-14,-9.7204890425613e-15,0.9939756853209993
6.188755709877177e-15,1.2466411622513314e-14,-4.450228906917058e-15,0.945244667176136
9.205829943450202e-15,-6.293129143795806e-16,-3.4426280805472762e-15,0.9890643261715397
8.002017793722857e-15,-1.0637412437145687e-15,3.15531019494706e-14,0.9996131441324847
3.0169076681218223e-14,7.427368349789214e-14,-8.690605579514302e-14,0.9765925268379848
-5.357998264251503e-15,3.3498352753171557e-15,-6.051439011348289e-15,0.9956165255958568
-1.013424387569006e-14,-1.7337349870074214e-14,4.10482496974244e-14,0.9891152884318637
2.3437620247180407e-13,1.0361161647722504e-13,-5.200654201911856e-14,0.857563315763305
-2.9630936802633e-14,4.1028849675480094e-14,-2.2950264946142972e-14,0.9518287056035709
-3.3644239027576598e-15,-3.3897475505703693e-15,-6.871089825834135e-15,0.8027941013374094
6.893178252148725e-15,-6.01183677551705e-14,2.547020924615074e-14,0.9824349438253066
7.561942943380305e-15,4.034486988164961e-14,-2.713621244978e-14,0.7929042281181866
-8.886809040577767e-15,-7.248549641990369e-15,-1.8289486967718197e-13,0.9919004787817557
1.1710720215451087e-14,1.757139064488808e-14,-2.9925947059733774e-14,0.9665911589278161
2.3601590338874153e-14,6.774093707307771e-14,4.192840098184103e-14,0.9912296055045436
9.343840783607722e-15,-1.976453123493356e-14,-8.391835212205485e-15,0.9599366599242186
8.217636027692014e-15,2.1749061146862056e-14,1.117044187590706e-14,0.9967952893271447
3.8205130107474045e-14,4.487810356798662e-14,1.4587051689452288e-14,0.9683368950390643
1.3217297114158652e-14,1.714479127738272e-14,-2.6709000386842672e-14,0.986616136414673
-1.6227842159065283e-14,5.0673113854605294e-14,6.456696795846015e-14,0.9983007828282799
-6.821730614928693e-15,1.2157136112530691e-14,1.5985981556032374e-14,0.9074571453811932
7.621021017528992e-15,-1.2012801085591444e-14,-3.04248647531174e-14,0.9925920256484205
-1.9692820648517284e-15,1.4901133398583407e-14,-3.252154493011202e-16,0.995612182805449
-7.97567351310969e-15,1.252018128591952e-16,-1.4165854246087344e-14,0.9731648128242271
-2.5629078077725105e-15,1.4836763980512127e-14,-4.885825138338984e-16,0.9788681676634229
1.6156927629170955e-13,1.6063256424667235e-13,-5.14451621165431e-14,0.9639111360900314
2.50736735928174e-14,3.9071376567429103e-14,-2.905942646398999e-14,0.9990565682336994
1.2799982418748547e-13,7.542014532694557e-14,2.4299614811054066e-14,0.9881543054541779
3.2161441625401975e-15,1.6465626866400656e-14,-1.2000019268912395e-14,0.997901739631024
6.327675207502151e-15,-2.7999358031725574e-15,-8.059176757271954e-15,0.9348054711261276
1.1319164975258106e-14,-8.029153673774291e-14,1.0167808407167202e-13,0.9827270541064872
-1.2599525507669814e-14,2.2081207986039512e-14,1.4642734926517323e-15,0.9973202153099078
5.033183694683607e-15,-7.82519680960372e-15,2.4471127572013627e-14,0.9539703211564428
-7.436016041267676e-15,-1.2570866951236482e-14,7.231802868735429e-15,0.9509842606696741
2.3809302036717668e-14,-5.758018939311635e-15,1.8517852509986548e-14,0.9984591755055986
-2.9935731809158767e-13,-2.2026431311367156e-13,-2.1665940167630427e-13,0.9134094277209085
-3.708036487745705e-14,1.712004192348203e-14,-3.5803425531655675e-15,-0.0261573195935918
-1.5613521708698361e-15,1.1210194763920673e-14,-1.5740560221683834e-14,0.8550651278315881
2.5271723400051782e-14,-5.058365048855891e-14,4.272752070687891e-14,0.9949309592461707
2.348001444577655e-14,6.106884245405259e-14,9.927832309162243e-15,0.9971777637281405
-4.61032288945065e-15,5.341413181398907e-15,1.9749195868603245e-14,0.9583895425155708
-9.454665562280312e-15,5.942024393500456e-14,2.2405158437702638e-14,0.9922954695922711
1.396397475847248e-14,-4.561099359258749e-15,1.0686794097103495e-14,0.9965667243174715
-1.6314049320121385e-14,9.921351647528874e-14,3.5627524481331534e-14,0.9965469107771049
-1.0942966905681136e-14,-2.260813504142007e-15,-3.1578305410749332e-15,0.7822218897726526
-5.1082356640845514e-14,4.544124867595698e-14,-1.4143312720964073e-14,0.999688249973456
-5.8719025974089565e-15,-2.2779721316006156e-14,2.2336190667415615e-14,0.9660376643186258
3.019264157804321e-14,8.16443244435553e-15,-1.0001182656625277e-14,0.989166392099275
2.9884290658358795e-15,4.223433460292311e-15,1.0811749445795601e-14,0.9982362791061884
7.414090140482851e-15,1.3662161198653635e-14,8.736986591833309e-15,0.9654085890447937
8.99752610430679e-15,-3.64954614616256e-14,-3.0742864591210403e-14,0.9294706888049461
2.3367399968099415e-14,8.542395745040684e-15,-9.925867432504776e-15,0.9969576194711809
6.741113388048925e-15,-1.0718630554074239e-14,9.22946078407985e-15,0.9839994437605596
1.7050307318375567e-14,1.1623394184389146e-14,-1.3189030618141462e-14,0.9760228537285154
1.177703955345164e-14,1.8532315004134178e-14,-1.3940613780395669e-14,0.9916382314898143
7.242270022481502e-15,1.9445682161432028e-14,-2.1758395062661655e-15,0.9229700530857737
5.870186756574345e-15,8.957350372700709e-15,8.124800827657205e-16,0.9494192735086041
5.336708900468698e-15,1.5141798046277162e-14,3.1084655723364686e-15,0.971887560828103
7.716626590234513e-15,1.3308642102153201e-14,5.267939255174996e-16,0.9777240821151376
4.485283935969844e-15,-1.0294058058600172e-15,-7.94174300049177e-15,0.9806946685728772
2.2707142106736006e-14,2.9591661280520333e-14,8.4097099040568e-15,0.9961335532483474
5.747161338151739e-15,3.2101645078835266e-14,-2.0094875861232982e-14,0.9984976114292615
8.091964439769977e-14,1.747145850380359e-13,-6.190167380536978e-14,0.997063872125951
5.316434375030323e-14,-1.2672933250297128e-14,-4.051080026695983e-14,0.9875320709114959
1.7553766088187895e-14,2.6732035534789823e-14,3.9554232785180965e-15,0.9940559850603735
2.1923609129088597e-13,-1.823996000387144e-13,8.801303802270104e-16,0.9918865971429676
-5.912572522968181e-15,5.433852524441229e-15,-1.7781954408761578e-16,0.2082439802561532
-9.284992899334425e-15,-3.1724718576060502e-15,-1.4849795155632185e-14,0.9463418718385824
-1.3294078483543092e-14,-1.097415881724867e-14,-1.8204216311050517e-14,0.9986819902800711
3.2129416892247893e-15,-3.7901344655131184e-15,-4.1516500620479566e-15,0.9984635381118656
3.5936687478553776e-15,1.3066799473428877e-14,-1.2878826553936797e-14,0.9605106046011643
-4.0407122078067804e-14,9.000622277532115e-14,-1.8605027162265298e-14,0.9935184915863122
1.3068244094928437e-14,-1.2261438166383441e-14,1.1012083205528683e-15,0.9997957279463136
2.0824149098044983e-14,-1.384455379184561e-15,-2.635996344291933e-15,0.9994906220914406
-2.0763933730818744e-14,-3.7494670044832735e-15,-1.6923581930534323e-14,0.9204822616912658
-9.17639608054674e-15,-1.6700511276257365e-16,1.000813350563746e-15,0.8295505915212319
-7.202431994070852e-14,3.4982840558991945e-16,-4.0913964457558364e-14,0.9513440075642547
1.1193296544771238e-14,1.9857644317295455e-14,-9.974161169045542e-15,0.9899292810545153
1.1459759574480165e-15,5.314656537292215e-15,-9.224572878620332e-15,0.9983839357766676
-3.0615991494304302e-15,1.113491476050681e-14,-6.23924341317544e-14,0.9946010324207243
-1.0689530290948366e-14,1.2303637376717697e-14,6.575369309590895e-16,0.992566904012252
-9.429804882117974e-16,-1.0041988364974856e-14,3.955875315767234e-15,0.9877040643442004
2.2653844900890626e-14,-1.9245344663561315e-14,-3.3889161031699423e-14,0.8323534545974671
2.691050191896801e-13,2.4880648256624283e-13,-7.531092165706242e-14,0.8316042347353892
-1.1888088368359648e-14,-1.076250555777588e-14,1.2866716148996156e-14,0.9947048876199448
7.241830141580457e-14,1.0466738914440502e-13,-9.047629154711592e-14,0.9976816841168946
-4.21796454955581e-15,1.5194104337997343e-14,-1.1576787170960533e-14,0.9980409157318889
8.398339440256779e-15,6.130907781805935e-16,-1.676952325976559e-14,0.9481844174841055
1.127748732452323e-13,6.518697539407497e-14,5.446073226408893e-15,0.986101003973044
1.9207569942614028e-15,2.2537955388765174e-15,-5.208353916792654e-15,0.9953852836036147
1.5093966515764695e-14,9.531583686611737e-14,-3.308069733031696e-14,0.9981398360742889
4.1482895370685056e-15,-7.66859208775789e-15,-1.1018286052318779e-14,0.9697800196920038
1.3195059119289812e-15,6.799853993302768e-15,-9.264121364990911e-15,0.9977570585200796
4.265695689725339e-15,1.9731694271830264e-15,-8.043631964228077e-15,0.9913579254838525
7.557645586929607e-14,1.1105501656348763e-13,-6.93099685657588e-14,0.9981148035034961
6.127681909284574e-14,-6.1169872770417445e-15,-3.063282827078143e-14,0.9977598038912167
1.1004177355350402e-13,9.654052620288907e-14,4.375939354616668e-14,0.9999378586787085
-7.29858368724097e-16,-9.374628287989422e-15,-6.335420560515798e-14,0.9993042616016126
4.688803836592444e-15,-1.6823067876201345e-14,-5.1702884025590515e-15,0.9633926816906111
2.9584675615763186e-15,2.1403722606986478e-14,-1.8142869389462118e-14,0.9835640249686504
9.490848791269321e-15,6.216031599895292e-15,-5.398262009070399e-15,0.9880515758122308
6.524900762821366e-15,-1.4819459615875393e-14,3.257616187599979e-14,0.9993542055169503
3.4597219185007775e-14,4.611528326063045e-15,-6.660810761374185e-16,0.9974918549084999
1.3299999532444067e-14,-2.6096084558738077e-14,-1.5300967499724648e-14,0.9777352773854058
-1.348214816767108e-14,1.905247525836342e-15,-1.3577938332949344e-14,0.992516511644731
-2.32936906325482e-15,-2.2386042248938828e-14,1.6717118767182908e-14,0.9994017649479523
-6.810844589329734e-14,-2.8073589038095372e-14,1.802721637971299e-15,0.9733935391966565
6.992448235476478e-14,-1.2088773758488608e-14,6.678270843079161e-14,0.9990025693561787
9.469894079300122e-16,5.2468644254153875e-15,1.5483515574370583e-14,0.9758186512221645
-1.3155927589888795e-14,2.869923525267973e-14,-4.1404712182916033e-14,0.9854785173904197
-2.4019098861732925e-14,4.327185888910657e-14,5.531107145218206e-16,0.9780999362801841
-5.16913872822456e-14,5.6576299399295573e-14,-6.703931818207549e-14,0.9991872395491104
1.3012093813021899e-14,1.1341058908007365e-14,-2.208266091807249e-14,0.974102151661579
-1.2164238854333569e-14,3.92383848264523e-14,-1.1782020875583517e-14,0.9042872013836379
-2.013783481445203e-13,2.2685445631829653e-13,-7.027359616399837e-14,0.3085629130771508
-5.888333839111653e-14,-3.0460482048931987e-14,-1.766730858996453e-14,0.9945936049384938
-6.291556965174741e-15,2.2436407573273797e-14,1.4924501830477852e-15,0.9984131542837439
5.5008047191905014e-15,-8.193064477997149e-16,-9.4367251940227e-17,0.9973537542822469
6.505366164509299e-14,8.058430352763061e-14,-1.0276592067129081e-13,0.9637975756579912
1.2700983676967134e-14,3.2373988455210398e-15,-1.7160233309615935e-14,0.989762564476263
-1.4449369111811628e-14,-1.8106181419841866e-14,-2.2511170540515502e-14,0.9069695050467967
3.306339874791881e-14,-7.664888359157289e-15,6.063455782619619e-15,0.9448914629179455
1.8054024911290326e-14,3.7439628621407104e-14,-2.2879389872977474e-14,0.994946039504205
4.326075657578847e-14,1.365377511854491e-14,3.068676935984602e-14,0.9947858950508581
-2.4051795209194434e-14,7.408110604753735e-15,-2.346097284089171e-14,0.9876338925354609
7.362771065816721e-14,3.206762457866808e-14,-9.84679530889697e-15,0.982867769814802
6.807057364854746e-14,1.6960437634186765e-13,-7.135925411632048e-14,0.999822998327171
-2.560113129656078e-14,-2.600880615886101e-14,-1.5507248374585254e-14,0.9856864190694021
-6.169536829433352e-15,-3.3007779590932585e-14,-2.995782135871645e-14,0.04927220329204396
1.9658830307079472e-15,-7.619654502932897e-15,7.428805995847993e-16,0.9990682856608901
8.902901094364627e-15,2.7594472606715707e-14,-6.326264241894767e-15,0.9961416216850454
-6.154534860439159e-15,1.7796065046137353e-14,1.03170399986377e-15,0.9961913917584141
4.311024522976227e-15,3.3640623024485576e-15,-1.446568757187173e-15,0.9951354425101181
7.646073592771449e-15,1.5242125873949704e-15,-1.4901188325012216e-14,0.9686876123415942
-5.23075766152955e-14,-1.1278473854514088e-14,4.398413477187685e-14,0.9980746134723198
-8.326721918970238e-14,4.072987170602376e-14,-2.1083378088225444e-14,0.9897635839779311
5.69279063343777e-14,3.8434853083633216e-15,8.119982402522636e-16,0.9979455273950457
-2.471478750342997e-14,-1.9318731073543358e-14,2.937677992774173e-14,0.9789677348306748
2.63616095784318e-14,6.022121904284696e-15,1.0709046701981578e-15,0.97651185341175
5.811157652574139e-15,3.717169366732052e-15,-7.53279503488432e-15,0.9614397035822598
-3.6177930345597486e-14,-2.5306111194486027e-14,-7.841067348359671e-15,0.980828245262402
3.52207628272466e-14,3.7683017348128284e-14,-2.2730263419532645e-14,0.9989291146848603
2.011575409337895e-14,8.844283533431012e-15,-1.2323749540655664e-16,0.9533266913028263
-1.002930079024683e-14,-1.834688735731101e-14,-3.176096287664661e-14,0.9837655455373295
-3.304808246095059e-15,-8.175050300840073e-15,1.1409681246743623e-14,0.9961896778453454
8.659564022216996e-15,2.4960818880313543e-14,-1.229863840844425e-14,0.9995603125052014
2.1218991220275518e-15,1.1553598288188376e-14,7.909390438192154e-16,0.9897837042192079
-1.770853881653933e-14,-1.3547482563243144e-16,-1.8838329156617731e-16,0.8742995285915725
-4.355067485441944e-15,8.890249290527052e-15,8.193182422757604e-15,0.9968751627710353
7.090789472789016e-15,2.6900589736096437e-14,-3.1025089285684066e-15,0.9861698231304751
3.976529782367953e-15,-1.0276258790791278e-14,-2.9987903384581295e-15,0.9936400128725301
4.1214990622892836e-15,-5.082039120304373e-16,-7.589207228441359e-15,0.9758577701708906
5.6783350300973076e-15,-1.961588514959505e-15,2.3419657208788227e-15,0.7504222003835909
-2.07790472149804e-14,2.089851990156084e-14,3.220203937760801e-15,0.9915842916417196
4.412867496946903e-15,2.102489686945863e-14,-1.6791997491324168e-14,0.9980546269405944
2.2969405539602574e-14,4.065386091484322e-14,1.0668761376653219e-14,0.9996086494787472
-1.1099258680195185e-14,9.761848879781777e-15,6.421033595657603e-15,0.9902885190424535
1.754292418276878e-14,1.664018582013762e-14,2.640883567209215e-15,0.8751845280389108
-9.571712152413954e-15,9.114885592265608e-14,-3.2032398205421047e-14,0.6983022095055755
-8.098780433112257e-15,-6.934583928481531e-15,2.345151183347922e-14,0.9095539836559713
-6.22369995359286e-14,3.980308095648878e-15,5.119849039691303e-14,0.9537908561530569
3.3116505078626057e-14,2.6191472800641893e-14,-5.8771177168594e-14,0.9471545486193497
-2.489893321906184e-14,-2.128933341600436e-14,-1.8630596827166207e-14,0.9554254609406015
8.742494689002627e-15,3.4167330478418032e-15,1.7553234977242211e-15,0.9958741060911176
-8.037086598568365e-15,8.8498583236274e-14,-2.937686217285136e-15,0.5863148718599774
-6.7777338528372486e-15,-6.461235511813633e-16,-5.430333099626418e-15,0.9908372923211376
4.066717147722455e-15,8.810366436391117e-15,-6.7023824152285806e-15,0.9936701825923097
3.855737102662011e-14,1.1702515324445982e-14,-1.804108763785491e-14,0.9970926629488855
5.98231856124562e-15,-7.254335080950045e-15,8.350817365552962e-15,0.9381103721781725
-6.160632445754784e-15,6.4106752353275614e-15,-6.202677913232312e-15,0.9443553365082225
3.286461337678399e-15,1.6813979637670626e-14,5.887324103172116e-15,0.966867138942392
7.99095475092129e-15,8.334033060539648e-15,-5.20033910315253e-15,0.8809798375675928
7.543157428543426e-15,-6.409520944405011e-15,9.752958020921222e-15,0.9944205198331058
3.2509879534633573e-15,6.453648018608572e-15,-6.221152531453046e-15,0.931287790225821
1.1852560590391266e-14,6.070448537903839e-15,-1.3823996288452305e-15,0.9615302672895588
-4.3045594451259235e-15,9.055314293547866e-16,-1.808123649069007e-15,0.9783535512108081
-4.776675151589851e-15,4.414736888363628e-15,-2.28536323010077e-14,0.9428185423020894
5.733149514338446e-15,1.6977147302543893e-14,-1.0767852987462295e-14,0.9776985927994986
1.4530012206693255e-15,3.939385242694049e-15,2.9136283528291915e-15,0.9930766236975074
-1.1315017864315121e-14,-4.174415433713835e-14,1.5883540278567546e-14,0.9425917165453199
-2.071361943406319e-14,5.922729553043057e-15,-1.2833571298537998e-14,0.9693418177170761
4.737082866671331e-15,-3.2752359358975923e-15,1.748842648002261e-17,0.16867267023063504
1.2615184777896677e-15,1.6526468415248374e-14,7.642892468103188e-15,0.9430145935577554
1.3214140174832966e-15,6.732211224865069e-15,-4.515097466693814e-15,0.9472172821315757
-8.341822875337293e-15,-4.300227856435153e-15,6.699028324917988e-15,0.9569029662345185
6.335540485773326e-15,-1.314824866099165e-15,-3.296832110374053e-15,0.9038905775429117
2.6887258172379986e-15,5.5308150510672865e-15,-1.5662744271674741e-15,0.8021765348987016
3.39211929192293e-14,1.0417792822599238e-14,-1.1144141861184286e-14,0.9666624806802336
8.826831747613025e-15,6.917523054178038e-16,-2.9900375109871088e-15,0.8381710142919994
-5.465075640938063e-15,-6.499701044556736e-15,-1.3372691992381635e-14,0.9756080360490439
3.0216157258643395e-15,1.0316572561465081e-15,-3.1001444715239936e-15,0.30511331197795377
6.999854447069194e-15,2.528069150835358e-16,2.754110207802403e-15,0.7041934093143891
-1.0235544730083315e-15,2.3393749931279362e-14,-1.789157599412552e-14,0.9931318615878943
4.9767957475014614e-14,4.0072148009075773e-14,-2.432907878487476e-14,0.9981854805654556
-9.468843798777383e-16,3.6847587025091565e-14,-2.4123441224688694e-14,0.9822384936321886
1.8346524971795185e-16,-1.0847406953162563e-15,2.824762978319552e-15,0.13262852431240024
4.659460555282403e-15,-5.406723619374772e-16,-1.4662877118449708e-15,0.987888492916552
-3.3401388863351953e-15,-6.678484373029789e-15,7.587195665812831e-15,0.9065133729979863
4.01152539637442e-15,1.1842177716198592e-15,-4.5148471692384385e-15,0.8926145787349188
8.308751637971448e-15,-2.2346781307939105e-14,1.675415176061009e-14,0.9604375988705142
-4.7625974276289924e-14,3.900316037474563e-14,-3.667462150199586e-14,0.9987204755437402
6.502409361259658e-15,6.499624900326509e-15,-5.763522726181935e-15,0.9957213478570642
-4.440762482308213e-15,-3.879127485798078e-14,-3.698292764984331e-14,0.9959220041850618
7.249281564920303e-15,6.35038653694847e-15,1.6255612539966418e-16,0.6447348372995274
3.881098706116117e-15,1.2861527022529648e-15,5.145224939418557e-16,0.980847376087505
-1.0311038707024743e-14,3.700923227282826e-14,-3.541451606724382e-14,0.9937509497385613
-1.810268078277171e-14,-3.159414651492536e-14,-3.9448351344641836e-14,0.9193026347058901
1.3437037039834367e-14,1.2288914509298496e-14,2.0585742185288196e-15,0.9724736233895002
2.3584783944392105e-14,1.7501748633231042e-14,-1.0220076157769278e-14,0.9428643106846278
-9.72639192545641e-15,4.663857304915263e-14,-1.0245265729497489e-14,0.9564157854280884
-2.2523237316861393e-14,-2.402923557765632e-15,1.0130617275067923e-14,0.9897271281326276
2.304920781377564e-14,1.658702814361669e-14,-1.2287707190575354e-14,0.9703531755403054
-9.261601175910536e-15,-1.496164115907975e-14,1.3354104204811468e-14,0.9851248820248499
-7.87874214528473e-15,8.268002377144457e-15,2.9003196423709785e-15,0.9911092528626911
-6.224610330327371e-16,1.0878351298700202e-15,-6.701400063843781e-15,0.9509265939448734
4.358023247078649e-14,2.9739191810994085e-14,-3.0670504393425763e-15,0.9878156072845464
6.593864220786126e-15,2.5856927314396537e-15,2.77539262798462e-15,0.9121265897361854
-5.2037226437121305e-15,-3.4538855618785312e-15,-3.568573222475026e-15,0.9497435637783366
-8.160279269529036e-15,-1.1606397471642627e-17,-1.5986496314778223e-14,0.9976722597045841
-2.7824298764079046e-14,-3.028378193586341e-14,-3.6125152493159293e-14,0.8980189853305751
2.8356962800586783e-14,1.719677986186265e-14,2.281317570045319e-14,0.9819517601433988
3.583118367309771e-15,-9.521277331023502e-15,-7.375077939019456e-15,0.9509004767440357
1.9611892241473628e-14,-1.9567864251162204e-14,-2.4221706755644896e-14,0.9350886140411324
3.714951274797135e-14,-6.152596710167078e-14,-1.5273974527716194e-14,0.9918947754660294
-1.0619543397717365e-14,-2.0070565365788897e-14,-2.954158148590246e-14,0.9879828720540059
1.2715541527824851e-14,7.79025472126772e-15,-8.542713263031548e-15,0.945599685039747
2.995241010843271e-14,4.351267955865862e-14,-1.6550323789868042e-14,0.98955753208874
1.4389592802692325e-14,-1.5833889144493797e-15,-1.072103214918097e-14,0.42583397135095113
3.8448282636352605e-15,-1.0003686697731301e-14,-1.869894877623738e-15,0.9877468572460505
1.7107572892629468e-14,1.5225346636077932e-14,-1.901760730288866e-14,0.9079818148938
2.6409765079158634e-16,3.1155101248761792e-15,-8.832542640550593e-15,0.9909278009454189
2.8179801686871486e-15,6.593047474143019e-15,-3.55956047866901e-15,0.9833320815495986
-3.18170151434749e-15,2.3949715924262243e-14,1.3777967686503677e-15,0.9554545497088517
8.669891325018342e-15,-4.305812118814466e-15,4.516990408334804e-15,0.6906793400715526
4.131463047993068e-14,5.4406589371750866e-14,-2.4884509503052585e-14,0.970862926909128
6.906856501468757e-16,3.62333019621505e-15,-3.1698798314465786e-15,0.36139745174553994
-6.227769816149593e-15,1.1127650476960113e-14,-1.335094208384906e-14,0.988878521803828
2.1048624862099333e-14,4.1002335417172825e-14,-2.5900530953214327e-14,0.9972758110252435
-3.927339935550132e-14,2.3430892997878808e-14,-1.3154972410658516e-14,0.9842323401646478
7.126915031215135e-15,3.565441202984482e-14,-3.530406360857369e-14,0.9116258591039098
-4.3128138924631354e-14,-7.142577560098122e-15,4.931535481276155e-15,0.99777431182852
-7.044294775357961e-14,-1.5285768371131978e-14,1.6343049725587937e-14,0.9983468865810006
9.666431770423656e-15,7.257800132358666e-15,6.622960202357708e-15,0.9777840412991614
5.1259345029533115e-14,-2.0337482385328324e-14,1.7319436938333105e-14,0.9625962189216957
-3.798338544667956e-15,-1.2332358444647086e-14,9.421830322387594e-15,0.9988141734051192
2.965736460089667e-15,4.1309072973391986e-14,5.615827129984967e-15,0.9922683024561413
2.846886594996213e-14,3.781131938790358e-14,-1.6443234731523467e-14,0.9717687663250762
-2.092611065091054e-15,6.649400851722977e-15,-4.1524058110972266e-15,0.9709945533075305
-9.237051590407337e-15,6.088816292169819e-14,-3.090978650376777e-14,0.9626643796417722
1.0161328327247035e-13,7.405333270796404e-14,4.337022719843137e-14,0.9201600379482365
3.1421741764552954e-14,1.9035963294448074e-14,1.2114427242076785e-16,0.9995841138664985
1.1044538432077198e-14,3.4218979528950835e-15,1.0647120629430166e-14,0.9637517868934525
-1.4957765452767513e-14,-7.236764615364115e-15,1.5346231247454328e-14,0.9969103983321314
-2.73422322415373e-16,5.269218906279219e-15,-5.113952570881837e-15,0.9819551777770673
-4.575029384736495e-15,2.7353099803685983e-15,8.303785344027758e-15,0.8223583781648323
2.8623786921002412e-15,6.0029172389762264e-15,-1.210166571358566e-15,0.983685000013721
-2.903589095168321e-15,-3.628907466813042e-15,5.019161854769547e-15,0.5932952552609545
2.89136674994809e-16,1.2225868663755129e-15,-1.3512541423686723e-15,0.9892004558381629
9.216030308358735e-15,1.697733432654077e-14,-1.514159164925288e-14,0.7803734380872769
-7.517071092154945e-14,4.8189537436710736e-14,-2.6985280965453586e-14,0.9545204006969892
-5.81536763674716e-15,-8.840561160765534e-15,-1.3912335918236202e-14,0.9209605639032545
3.1196483707291916e-14,2.4993889496513547e-14,-2.3956922440027978e-14,0.9756244401538819
-1.1339150213079726e-14,1.1532757692811402e-14,-5.790540012201879e-15,0.9127330891670489
-1.342863717548821e-15,-2.0789542882704564e-15,-2.0928527444533537e-15,0.9339185499521301
-1.7255183970561876e-16,4.3912332921844856e-15,-2.610371650061833e-15,0.9739759690127112
2.868506430185949e-15,5.0559545543373896e-15,2.5550440548471123e-15,0.2734214396859844
7.29325891101473e-15,3.6595562974097734e-14,-2.8614316608926734e-14,0.9886515744965716
6.547626821492212e-15,1.9557789820301005e-14,-1.5363255088240824e-14,0.9691631573266443
2.3924965167788553e-14,-8.987786985674902e-15,3.892260834554478e-15,0.9621115464968064
-1.3173642108181211e-15,6.104799188923683e-15,-6.577280084735802e-15,0.9131395335663859
2.5850151866306422e-14,8.966064731665514e-14,-1.3001894908703199e-14,0.9653397679054121
5.398764626351633e-15,-7.697565138112022e-15,-3.5566459105290715e-15,0.7832231704676536
-2.3859065575918116e-15,7.73109902874777e-15,-4.790521551580168e-15,0.9616558106892574
1.2791438798460817e-14,1.4110185686400187e-15,-8.223151600289033e-15,0.9166387689151754
-1.1384256650772866e-14,-7.687690211377576e-15,-1.1170939819215488e-14,0.8905484446530542
2.6964427539180193e-15,1.2782105970954135e-14,1.6369376460259983e-14,0.9859676486966414
3.8436542408687866e-14,-1.7377789237317436e-14,-4.38250927665216e-14,0.9771415751859971
1.8674512813069907e-14,3.6820202878184127e-14,-1.1304290502514e-14,0.8413069260872241
-1.3461458802974166e-14,-6.907092450967614e-15,-4.801321666308973e-15,0.8779748431713662
-2.0101347180245843e-15,5.523272103570885e-16,1.422539200488092e-14,0.9334963448435818
5.09928186238056e-15,6.253398487235e-15,2.776078044483511e-16,0.9612348509631804
6.041512776292557e-15,1.8024713622434423e-15,-7.805233666936683e-16,0.8980962762125955
-2.6657341802357614e-15,-5.937214727906552e-15,4.093661166517581e-15,0.923534378307884
-9.68822706991236e-16,-1.5139937355753935e-15,-2.2747337730785536e-15,0.8243008898789184
-8.131458553518782e-15,1.5932855431603896e-14,-9.87834354059468e-15,0.9751094169783011
4.3607400355458596e-16,-1.0175992582724358e-15,-8.596991151211351e-16,0.7658325835648707
5.15400705483974e-15,4.2741575930668924e-14,1.0980371181605249e-14,0.9626599953106004
3.70828363341455e-15,-3.851367372562407e-15,-1.6027037574163666e-15,0.9126023896600125
1.0742508698399675e-14,3.032372134739531e-15,-3.006865349832071e-15,0.9317221381545286
-2.0313730531742086e-15,-3.99994886202279e-16,-3.716874263526666e-15,0.9768491088194593
4.8535005019601474e-14,-5.837441540027829e-14,-1.4899732817905848e-14,0.9826224563980251
5.0396372021138535e-15,1.0966837683071773e-15,-9.95849279949674e-16,0.9325412460557484
3.0403384935766166e-14,-1.2229312503895185e-14,3.0477784020943e-16,0.9881124866837404
2.5202482078082603e-16,-2.6621700188591872e-15,-1.6732371413336818e-15,0.73568326263416
4.838482791949649e-16,-1.2909535669106418e-15,-6.635039879875333e-16,0.48089617930967454
-5.219915452316484e-15,-2.68991008730066e-15,-3.929045333686429e-15,0.9890611475550163
-8.737430113759599e-15,1.783429307371478e-14,-1.1232882738163955e-14,0.9385525304008753
-1.805551252205062e-15,1.0835203035564964e-14,-1.7933735374850596e-14,0.9885535045836932
2.2514402582710126e-15,1.7151199275695e-14,-6.904630603247287e-15,0.9197492213982874
1.9739732585406752e-14,1.4211243434969075e-14,-7.052566090543295e-15,0.9496302294339033
5.951628896745617e-15,-6.279755650485458e-15,-4.047900039990687e-15,0.9324943282779624
8.219737163041834e-15,4.2228073215182575e-14,-2.4278949455214252e-15,0.9293352085166052
1.3939624425936175e-14,-4.141620574506382e-14,-7.539707041549658e-16,0.5377673122241975
7.181497074761094e-16,9.249911475221133e-15,4.4247269259233934e-15,0.9641268263654242
-9.227202487942243e-15,-1.0340502519395658e-14,3.304756920900611e-15,0.9920375955609523
-1.3877868545839275e-15,3.415752815266333e-15,2.9098690518159202e-15,0.9559713545116186
-7.746526139525135e-15,-3.049514068892937e-15,5.581769276669618e-15,0.6922614623886383
-2.569690327764854e-15,-3.518812321176086e-15,-6.0441815721299876e-15,0.8613127513208759
3.492317736293067e-16,7.592899394486572e-15,-8.143729420876658e-15,0.9408691193692948
-1.9931580515669652e-14,-1.6426643814795298e-14,-2.644008343068524e-14,0.9595443387276646
-2.9844693739799428e-15,-1.786793412385107e-15,-1.0049527980649218e-15,0.7527388662727359
-2.502655074828844e-15,6.85715528954167e-15,-6.275124646782524e-15,0.9445515600890312
-1.535897985926524e-14,-3.3304075111835553e-15,-7.748361583925531e-15,0.8893687187224312
2.1671356261039324e-14,1.9188366208104933e-14,1.5884027663678573e-14,0.9798249107900368
2.2153560380430114e-14,-2.5923227575603805e-14,1.780075296747356e-14,0.9760501689140909
6.88232450765831e-15,9.123372528012894e-15,-8.006691565520363e-15,0.9904489181636229
2.921554350659853e-15,-6.4810630794073066e-15,-8.148683836474935e-15,0.9616218326310916
-3.6951219219814404e-14,6.7879576308129255e-15,7.26027117461653e-15,0.9930071998815168
1.8779871440667516e-15,2.6412641731805443e-15,-1.1477353225616057e-15,0.9534042111429998
2.1396088866656547e-14,-1.1486538728194623e-14,2.227863796697097e-14,0.9841015146276038
4.0480645658116556e-15,1.0904182670680744e-15,-9.858010228229728e-15,0.9763116339620438
1.0781185965668068e-15,1.4983598297790057e-15,1.4572514572009992e-17,0.54754580281442
1.4384643079646216e-15,1.0687792749741551e-14,-1.7172129976827826e-15,0.8884447604335396
-2.109645866283522e-15,3.5887326665162196e-16,-6.849120248089547e-16,0.6141148058269215
-1.811034007301277e-14,-3.2944310800775826e-14,6.1729403200343474e-15,0.9075867493287241
-6.253844472073409e-16,2.507652752817208e-15,3.839078635336903e-15,0.8990601134824124
2.755289858185694e-14,-1.5868745699631663e-14,-1.1967539017559364e-14,0.7978059829088119
1.2356620835853908e-15,1.487209707327496e-15,-8.939247239755877e-16,0.8463937269211443
7.756763831236759e-15,2.5374713090051508e-14,4.56252956319848e-15,0.9922752024547007
9.062382658890469e-15,1.2035108553217097e-14,-1.5352354500020246e-14,0.9507078192368171
-5.7757690222740696e-15,-4.31803961626606e-15,1.9194552302331667e-15,0.9696324769991332
-1.3547755078001317e-14,1.1196584725002126e-14,-2.391857781522913e-14,0.9011170959833393
2.7029309069171436e-15,8.750784838993787e-16,-9.950042921330038e-16,0.9665237073631253
-9.096069308826024e-16,-4.924504515393843e-16,-7.429500020218923e-16,0.8710122282067411
2.0548480949003623e-14,2.0872234132756678e-14,3.597381931051866e-15,0.9967475492471866
2.8293740896736016e-14,-1.0534150219272872e-14,-1.725201650142097e-15,0.768912465940561
1.1558886674559948e-14,-1.2522852337994301e-14,2.224058847765693e-15,0.9555362809652883
5.16116084684796e-15,6.4828429689773835e-15,-4.538115448626505e-15,0.9768979667296958
-3.2972838176934437e-14,2.5477979904788638e-14,5.4949057139415285e-15,0.9810958497298436
-1.0902704638027678e-14,1.4341113182928192e-14,5.873027752498911e-15,0.9703157124660096
2.436233697805862e-15,-7.208996215184352e-16,8.347339603331873e-16,0.3345171716675118
-1.0033897623061987e-14,5.8406254058182e-15,6.579637308600893e-16,0.8734544677157867
-5.61164273358158e-16,1.5792736923451853e-16,-3.964564369574825e-16,0.8025566075388346
7.600316815757929e-15,6.559772924461032e-15,-5.459185807053116e-15,0.9835110509145275
-9.989575759969865e-15,-7.513530694490683e-15,-8.621413876458027e-15,0.9400705117680349
-2.728423388363178e-15,1.1427333797841157e-15,2.865734677799108e-16,0.805837508638352
-3.2828669323946895e-16,-7.848516309517886e-16,-8.431041231177948e-16,0.9056372794734335
9.651462411551016e-15,4.649901167206964e-15,-2.5097284590100874e-15,0.9779642436213546
1.3525953742582822e-13,1.0037258050174425e-13,2.4441181673323274e-14,0.8546223763650395
-2.526999477901192e-15,-1.2526770953031994e-14,4.619052594583165e-15,0.9774251105776267
4.8183374983932e-15,3.945594869741111e-15,-2.1347518450137474e-15,0.9819070186017895
-4.26913259685756e-15,-1.0045973800081525e-14,-1.1780045183161005e-15,0.8849374390601893
-1.6057265034255563e-15,-3.867529688915376e-16,1.9255810873787275e-16,0.910517950957347
-1.7633045622557434e-14,1.1861728602952985e-14,1.4371843148407403e-15,0.9431969719123829
-2.497379071355677e-16,7.700081722439719e-15,-1.0746463407052731e-14,0.9592341232148047
-4.393416363264987e-15,3.313596657589157e-15,5.65121759103564e-16,0.8641972388054344
1.2451437135804868e-14,2.270518576022929e-14,1.4859872040910705e-15,0.96104884700706
1.5477724087069395e-15,-1.7861167163938272e-14,-1.1236546798616906e-14,0.9033043942791206
-6.198536468640231e-15,1.067046893311472e-15,-1.402956335167516e-15,0.9133786899457612
1.8350073436430345e-15,8.965802302063958e-16,5.059079629136744e-16,0.935663545660615
-8.230069082644961e-16,3.323579762198755e-15,4.817787556608562e-16,0.9009592103477202
-2.6220441307916223e-15,-5.2527632423842934e-15,-2.4042222945613403e-15,0.9101299269627621
-2.6125201263305327e-15,2.8920065273497796e-15,-6.8792223432926405e-16,0.8711100892055399
-9.191525352012237e-15,6.188962128756683e-15,7.372845062084672e-15,0.8530293404497775
2.6450166221667066e-15,-9.128121467124756e-16,-2.038458162937786e-15,0.97764660731885
2.635966383468557e-15,6.7659082835935744e-15,-1.4228847895458116e-15,0.8916800433096996
1.2728488717190267e-15,1.907449161821658e-15,-2.3634519548044786e-16,0.8688192075365075
1.3327421632103807e-14,3.787633247736738e-15,4.635449872572481e-15,0.9522453593708639
-1.248768069713993e-14,2.0746243953165495e-15,-8.42400804745773e-15,0.8699202245544544
6.9983134929111106e-15,-1.1077999579803622e-15,8.547455000039643e-16,0.9122106523160892
-1.4892122273941384e-14,1.1785362422925129e-14,2.2598418308736837e-14,0.9488451079356359
2.4264327609648415e-14,-8.663883298134643e-15,-1.4887892238842707e-14,0.9435415351268731
6.563025776301557e-15,5.5114705296084295e-15,5.8055438252390755e-15,0.9829716682689533
-4.95402331921258e-15,2.1516573202528832e-15,3.8156432289960814e-15,0.8726055845320371
5.269438726171786e-15,7.746365437513796e-15,-3.3024247337190387e-15,0.9826893099359042
2.5033029253616526e-15,9.735686341611496e-15,6.412636729450385e-15,0.9759585507807526
1.76915701205733e-14,2.8935876980533206e-16,-1.7410932031370636e-15,0.9376324771913486
2.0132093262019266e-15,1.7261619915106162e-16,1.5376614082799014e-17,0.10047927771128717
-3.338277237878604e-15,1.1472279994395888e-14,4.86087394190543e-15,0.9310992565506181
-2.689572643556e-15,-2.9865519668497463e-15,-2.316033349423893e-16,0.9520644369804007
8.88561861378414e-14,-7.377035279334716e-14,1.255358372203208e-13,0.9825277273250299
2.467219174329002e-15,1.586095611694213e-15,1.478663031819302e-16,0.05124640278300241
7.445709213622236e-15,1.0479159361765387e-14,5.652303183151262e-15,0.9382667802075387
